Avg. Area Income,Avg. Area House Age,Avg. Area Number of Rooms,Avg. Area Number of Bedrooms,Area Population,Price
77450.71229516849,7.798710873172004,4.987232587538427,4,28762.673199002435,268451.29852894566
67926.03548243223,6.849267365825538,5.783221993926723,2,34578.05609925785,246130.6898002116
79715.32807151039,5.119260739840349,4.811370118500058,1,25030.679748820217,256023.61819778723
92845.44784612038,3.706126444588852,5.53805770554144,2,28174.31025620459,267654.5197592351
66487.69937914996,6.39644662722718,3.1595779995693216,5,20100.42207447986,232438.18568068056
66487.94564576229,5.786970770843499,6.319940561059408,2,29649.92389993764,268391.4204118784
93688.19223261088,6.790386440055465,6.001808213043336,4,21889.991363711553,300598.4233723415
81511.52093729364,6.270343603363939,4.7743670533977145,1,18859.535498380064,265724.6241305477
62957.88421097572,7.09910543063867,6.988868502648607,4,32586.61147855388,263618.0913715311
78138.40065378947,3.9295295768788643,7.406355206439837,1,32127.397758576604,260443.96205928564
63048.734607813065,7.634788131268651,3.5886602034465387,5,37828.737349485724,263354.62519113015
63014.05369644615,5.395199209384799,4.855912832150679,1,25688.74430424901,224836.30208921395
73629.43407349051,9.150521745250531,4.846286475319053,1,34080.528468367556,294855.6993384047
41300.79633013303,3.6216243638208643,4.590145348336703,1,35507.975722736635,201400.2526931957
44126.23251230451,8.4719276063305,7.244212262897623,2,34447.738078315946,262480.80111430073
61565.68706138541,5.395821566925296,5.709260791840794,2,21743.46317197858,230574.04794729137
54807.53319498364,3.6971639927711033,5.603227738034084,5,31493.63482271189,232220.74938716964
74713.70998892911,4.032228331891357,2.99420645338987,1,33641.40296054661,259195.97326418123
56379.638867181835,4.3593053836113596,6.95312704531384,3,30071.784669079418,228918.75014875314
48815.444479970625,5.848331892803833,4.141112407719791,5,9135.223416289155,176272.26751250774
91984.7315338233,6.0456709760709995,6.089898945399493,1,31604.8962397348,297553.9304210761
66613.35549270196,3.852599992122842,6.416065406937287,1,52125.310393972424,269754.1807115172
71012.92307031885,4.951290815478035,8.040987893757976,2,26399.607312430173,269856.05453827424
48628.77720679815,9.284540717223727,4.036769401321331,5,22719.229021446787,243578.6976424824
61834.25913212226,8.455086340201422,1.470731766268762,1,33733.485597113984,249467.1184470295
71663.83884564799,5.872647339348064,6.2757743171305425,1,33123.78210466572,262135.5102454256
52735.09633866546,5.076006956336401,8.700766772266281,5,41927.351654164144,279405.4254757383
75635.47027518509,5.240062653436523,7.858419529409156,3,17421.31844091112,247411.09664369604
60990.419651217926,6.227035945460833,6.314489122911938,5,37313.802525749925,268539.37139619095
65624.59375310085,2.954414869603189,5.262545721551929,5,35904.22061251463,257755.72833470738
60974.40081655905,4.48524692515331,7.210683894955966,3,28578.53463059454,229962.8608057231
97784.17276763407,1.662831852244821,4.539680700443297,5,33386.8731792169,268132.38827487954
69797.541628931,5.798446245210559,6.714536654034329,1,40294.57481598357,286365.6693137431
54134.3360656615,6.294391879405482,6.75820523874994,5,38723.153800284505,254069.4055826951
82338.17368154784,4.033627075401252,7.59031486124832,3,18569.806879262713,252737.32435516058
51687.345250434664,8.147973526580065,10.139490058366617,4,38201.58186755484,287560.29041359096
73132.95392507133,2.5484686739953175,6.5886239507681506,5,29353.113949674815,250061.29308909056
40604.94814180337,2.0712502395803596,5.236554561438751,2,30728.740980155155,165633.66925682293
50077.20926652354,5.448903637119944,5.961638531712008,1,30731.969910016946,230804.67306806726
72952.91853803686,7.094196605224309,3.3463861426663226,1,28497.5701120174,268156.74545961194
81076.99869993115,8.367855382915737,4.957930303366412,2,41917.07497107065,328532.2185943555
72570.52421784955,4.0822314742621195,5.386076342830344,2,29162.82040150788,243447.29006894404
68265.27576417639,7.157361666862592,5.213867403098111,5,18804.538716168314,250336.93533342067
65483.444566160666,4.922983060998585,6.228532308050583,2,26064.701440302713,230962.86611673675
47822.17014448859,4.654745400118361,4.766370101426699,4,31786.947168104754,232396.80096943057
59202.33687407937,6.767319874973345,7.681546000986707,3,42292.1478429705,281473.7775500506
63090.41843560319,6.304645756826839,6.000310597377296,2,36030.94684948833,255374.87117183636
85856.83339328374,1.8472156860315012,5.986049518292078,2,21494.647212529562,232830.63831708842
75154.27434352692,7.9530806994517915,5.508157925230623,4,54851.89916678892,333545.43843767437
43554.397669558995,7.760182708294903,6.232786025788469,1,32647.7531097798,232892.2249611282
74861.25954092192,3.748874596980941,7.237647397001452,1,42753.90737999015,260040.6444044822
64223.76579375525,5.791607066874818,4.699304676433649,5,28482.855664227707,244884.85567539954
59846.169995410615,5.988060372565478,5.012825266387115,4,35333.59244705449,256554.01970585034
79175.14433261301,5.521347531647814,5.544410956835003,3,38394.685045184044,289918.53396654775
85464.99283743926,3.8993896923091595,3.9811936147901776,3,42181.94711754256,289974.31093128136
83969.20178674298,3.656753264123897,4.771113210417753,4,40573.68305378225,284793.2467176647
57411.73715166042,4.9488918580171095,5.285668689683011,3,38721.97000072978,246570.08556200453
65361.81436223178,7.345458038518729,7.311583771069092,1,26849.132688058915,262771.529396201
74968.95147105346,6.087200309188865,6.393841993502887,3,24282.539580439385,267961.29411601386
84633.17690683539,4.258771335827788,6.2903848670513165,3,33326.07510324198,289367.2548895572
62812.38643232065,6.54339742129669,7.2763469432519585,4,39331.280723410695,287959.99201936106
67215.11535004275,-0.6970852412601509,5.793942317400905,4,27772.792992233928,185675.80964183089
53404.97538990958,7.297531400744207,6.5856972748933345,3,40651.71965714387,266386.04277020536
52056.90063878994,1.5205724424438007,5.8451673706012555,2,44526.167454861796,203117.19450123055
82187.88733591296,4.275118117193736,6.398043524099442,4,20836.790809265804,258359.50813527085
90343.60042856235,2.7606602107477123,5.125862013582627,5,21630.7929620372,252792.68397870375
68919.848176295,2.4106370485581885,2.341774262585356,5,28596.249410946635,217161.14813591103
85052.99346838036,7.321653574757039,5.798581256720544,1,33076.12668189196,297654.59113400703
75424.54037571451,4.064597597376217,8.13412220414991,3,24754.32986232949,267031.40474166
60323.203680923136,5.693007763461432,7.389323103362388,2,43522.02678867144,272564.36730430566
75420.9340826262,4.906158842241632,7.448096226886756,1,34240.66861518451,280467.5002832305
93070.54849698953,5.954081654446243,7.854196082709327,3,30394.470482407396,307819.13171841274
69462.60941335073,5.15364378212051,6.132986386442156,4,15640.904761314725,223593.58574927805
93469.6548372101,2.4340155516228608,6.295973561108394,5,16841.84183572493,250633.4923222132
30703.82343865383,6.99253363889428,5.073522156848474,2,32810.092502818065,217065.22852364197
82328.53756562836,4.012486833677375,5.5258907159594255,5,8674.043738451637,227164.94333458593
71305.70602357257,1.886836202680498,6.923656724656713,4,40126.37409644072,253510.73709889082
65514.88974301199,4.143769678068175,7.805826655753224,3,28418.461556276798,244197.15696935114
71376.41164803253,8.00151958126862,5.790830586478501,4,62430.92969594733,376779.54553772655
40186.46628098661,6.7004434842269855,5.324716102722883,4,53079.162506161105,283908.60624164814
66704.92168243731,4.302695731184282,6.0007919382848955,5,28185.509307524833,251687.58709182806
75356.6885726762,4.301484591363143,6.901810123393672,2,28936.62997468685,255550.18092102167
92168.41067112274,4.356729897565235,3.8342177757996874,4,39955.8151400203,302974.20614734216
62225.94672589529,9.153495967121682,2.555728570294143,5,47031.72609918038,311895.9225738057
57872.595956602185,5.763870904463107,5.174194725762625,2,13619.709425639832,203820.0429873675
62473.64434623195,5.8600832943821395,4.168931361128762,3,12136.245346453135,203392.80370906027
83731.03176553111,7.060566908063684,5.2377897035290335,3,23779.651944456185,278141.2957588642
74931.26664489527,5.477578318053027,5.778329521773792,1,35827.375831738646,239014.82506143887
62053.59694349442,4.481915708358594,5.3201273864654794,5,34968.73590507597,251543.66963428335
77699.01149670035,4.607300301830043,8.178701301706118,2,40697.7145498385,286025.6950704549
71456.1632402206,4.856797481171872,6.49011714690348,4,18003.024716346918,252135.5548220897
84529.67485799333,4.925555526980316,6.450711539416242,3,6838.561370311232,231174.18870261437
59469.203591839716,6.4552590872739595,6.933310716065103,2,38580.141953021455,259693.59955151795
65085.067801033474,5.103891771614599,4.291750323328847,5,21718.037270347653,228062.54403375456
64118.377703017635,6.465280154431158,7.558667681130403,1,9815.121356113621,210792.73836609226
48047.27577801822,4.838566839782835,5.88635357019681,3,31450.637459593818,226523.69899215206
74441.80415596864,5.157270380632181,7.005720925861819,2,37931.756882186775,283037.0020773522
73915.82908269834,1.0035986309357847,4.3922141504397665,2,28779.428678787226,216008.05435426132
70076.70184963691,6.832655349404963,3.6693618509759034,2,25421.51613817511,240722.62988278907
66481.1929993728,5.692976951795986,7.226834487037543,5,28406.377678540935,264938.56777157006
48769.438869243786,6.996020219719305,6.564614289146275,5,26294.172375992173,229875.55874450813
63690.320158519615,-0.7925107563873786,4.646922668463734,5,16519.52888059833,165898.99159666811
64859.282252098456,9.176749409561456,4.695505378087958,4,22853.193230095683,275429.0426287947
57965.84096167571,4.720820743689653,7.688152176622154,2,35212.79905013814,253981.37807307288
67580.71432500986,7.216365633475033,4.2158821606990085,3,33216.785413765,270063.89976685954
76060.76285221807,2.9201881457489383,8.464009429883944,5,31680.598059668202,268121.99791246053
98292.78851815795,6.225547810125139,4.649068898028197,5,20048.515181466206,304080.4268146477
72618.66719247759,2.8931688736526877,6.957587888412575,2,28184.968378643327,232166.62315417264
73863.25586084147,3.7524620786083895,5.507072286376523,5,8229.349535571451,208700.01691747247
68883.3112635075,8.828062707733572,6.904781146623515,4,31784.766638853896,290837.7699916082
41218.43177051438,4.6186351984733065,5.183828996828711,4,44288.57707813567,225827.6891649362
69602.29186826175,5.434865746359446,5.755810640891559,5,15258.678679578943,234026.6387605358
70903.45314911539,6.740135461377508,6.061378763093582,2,24140.723266822446,269384.21015358006
106948.6316872793,5.991363775945209,4.496718816327791,2,33291.067787101296,312839.50670369685
67114.58552828316,5.3008378102871525,7.111236518130189,2,42528.426344274834,277934.12638137565
74523.21013500419,5.729922004932451,5.230179650292622,1,25517.753836998505,245201.58873224718
69479.32345442135,9.80683117047655,5.657100126989972,5,23077.496707341037,286380.22422758624
52469.82943570702,4.884762405932829,4.508475938087232,2,10310.768575839167,179665.99961209152
87142.34221772531,5.402198093429935,2.1564995118070343,4,31034.381293081064,254614.17795429815
81278.9954903016,7.1013087920152245,5.713458356099746,3,50420.76040143744,344149.7895056455
81865.47920564571,7.211051865915968,9.618923132419374,3,32773.58461964676,310896.299387724
56359.18817807891,7.37406061112076,7.176906431847035,2,29777.210208162865,266937.3758082683
91041.91466404148,6.277460444058369,5.971109430398408,3,33220.82310766986,291934.68383003894
48972.23405811579,2.713990174539033,5.605663756187599,3,29889.07996051398,204093.13283999212
78802.85640700406,8.266863064602191,6.0336988392180695,1,21869.8562773987,284500.56808556075
102856.83438714968,2.707309213962624,6.820678672762815,4,38232.79915677705,307769.35611777793
55141.955123039676,5.605270930478066,4.228780777036732,4,32257.615231117543,226480.491118761
61505.53405595842,3.4914482999612844,7.671482542003308,1,30176.132519336574,231377.94372822094
71494.77047631462,4.871723306814015,7.073071973161866,1,20246.3397272175,222986.8662555125
62447.86518825701,5.657524820606961,7.077278588561901,3,43035.07931934759,278175.96501899796
46740.048534008005,5.642714430900546,6.657713608214591,5,36647.0274533311,258413.9710673059
71028.4446220904,5.84384150847057,6.029424986540985,3,24470.79162632698,261036.8094739076
54065.44429410843,8.227422538117294,7.00929185395023,1,40018.248536819374,281607.1775911298
77103.88645952773,5.90706860302796,6.887721200612067,4,25024.29161614793,261465.639195699
56208.63648649295,4.511686729418702,5.468938933588464,3,22179.96507488963,216590.32396338996
93249.01607526309,6.928174336576714,5.139597340654649,5,22402.96882519713,294853.0042093096
58251.20061495644,7.378940977849281,6.15278444289298,3,12289.314469119086,202305.6058713263
65169.07725691487,2.544784369726015,8.323530227242781,2,34715.42380418206,248076.25659037562
82202.75826054504,6.194800139699716,4.141339386519149,3,11688.551216616499,238093.60981494657
51537.03525349067,6.402345484621796,3.79871210137134,1,17715.56168734237,210778.20408782613
73411.89901906194,4.404872993280016,6.247141261854775,4,9244.119909214667,204937.81940066823
89607.14131423642,7.751413626623239,6.076331552784027,4,29139.30307209107,280818.0740137293
45887.75148158159,4.699888825934947,6.260012496555612,1,28496.79539728128,209915.00734251432
72769.50787798456,5.2511529069430845,6.36592979686275,2,26733.037868136358,255877.15237381388
73898.24191372635,4.65385635143226,5.665196618047792,1,19574.223053294238,210953.63930567505
81727.34307665966,5.031158095162935,8.234795157903124,3,18277.6624656336,249846.9008287356
51445.739336828774,2.8074498262095964,3.5986440322852267,1,34643.69863546574,223075.90213689578
50193.15080373586,2.1198982348114113,4.757254462829631,1,24494.480682915124,169207.83609215828
77829.12348425346,8.189010126449944,5.845117859776429,2,33163.58321536145,307496.1319842468
74454.77009849779,3.3060773033633444,3.535216783268749,3,21147.513138757775,207207.44010155558
73757.39275518815,3.0172153010873854,5.736218393351893,5,31810.627427710824,227207.55997730565
75196.72314245463,0.6932197727925704,8.492205248592027,5,43032.78037316064,261551.28696292997
59799.62917632264,3.7220765046209956,6.031329732443942,4,35861.658003927834,238144.12787790823
73483.80545741506,2.3538204131850033,6.346051358578025,1,25875.861817835197,216247.11035984944
74396.08709948022,8.284030320272738,4.1097528522411295,4,32571.989703559273,290980.769165208
59284.72872960448,7.019634178685268,5.075457887940784,2,27593.34825469787,248330.1035468154
97986.61766717135,3.6236993096445524,5.437205429514094,5,30078.80184694728,284059.3809261295
77107.49381367682,9.504871610688618,5.523427354865649,1,26743.889478514964,282174.810879286
52130.44754196027,6.963530973983189,7.922465692505654,2,28356.64794114609,255018.4533132121
79848.30412950745,4.350337232982755,6.836536591087687,2,32120.933530741753,248206.66098778642
55379.77494659018,0.0011885702528537934,4.332813064594452,1,20066.413004180493,127374.86488090506
81806.26905613678,9.581885145181484,6.369757167648007,2,19841.211730100214,303451.2692814761
87378.93368511106,2.220855066472808,6.747332622745178,1,16114.57446168789,227312.9659508499
57689.76522472434,1.7092025060862164,7.7102235577819,1,13997.288954962902,172598.41494604363
84450.64193866483,7.045140864019281,8.370811029852561,3,17827.173077795207,269681.2878054926
76191.71390404747,9.879504812678546,4.477358712258197,4,31594.625068041292,303579.55327348947
82330.90239991735,7.768545637021036,4.783713733184493,2,21072.12484508116,270617.16084930615
98451.89473980921,6.12781824010472,4.113633211628075,2,35136.14464231096,289837.54016778216
66319.17825995694,6.189508683330572,5.6489702113395275,3,30347.13748752562,251922.69367475767
58693.95753463766,6.706831117560616,6.699537561669501,3,10314.957865619464,224760.15439891588
56657.28355561715,6.5178571795735305,7.481001774883653,3,36549.755842216895,283942.07133090525
57762.845725518426,5.562382847938752,5.886073464536216,5,38107.9864559171,258720.08977559494
68843.47435878844,5.208402207903752,5.520228715117734,5,20061.373251651465,245638.00723927276
75117.27962224965,4.874813744200956,6.227636988373111,5,34201.91542894991,256825.47196927475
74150.36198995028,3.4920708222666477,4.747285647554966,1,21435.01762590801,222347.22710831888
82407.74873554036,4.438649846266452,9.13430808254216,2,30976.703767483355,273583.5853663778
70195.0283781686,1.614086371609229,3.588508459322912,4,17355.015930450343,189159.43660794018
91803.01115735975,4.8033207464105,6.277110868343587,1,12068.93547465423,241783.62530877398
66030.14750143066,3.022817785698165,9.035409328844459,2,26171.828103870313,245998.2420589289
110802.53749884429,2.792821365568458,6.010199766839997,2,28762.710537251638,278964.0833292551
79385.01021647509,5.359788302306957,5.7149414474977585,3,26023.203063853958,268572.57468859723
57142.63665375576,7.784004572689199,5.463831865784359,3,18159.694417774408,233397.47423903088
53936.612529083315,6.836633212004626,5.729412477356388,1,26001.00937868863,231337.27727773378
77237.08622864778,1.858998792753646,8.059272712014796,3,32692.94752580734,247289.33695060466
66648.05822011223,3.020743726859325,2.6822071330057398,2,29551.06969877463,200235.96861639846
80710.00741138138,6.881542375976432,8.300150551944489,3,31825.010305992135,303890.21858947637
77098.56436860317,3.035025212923381,3.864064271324782,5,23298.847995457672,226289.63380845962
68907.56631014691,4.550733700005951,5.600021506148378,3,41717.179147161594,271715.55477441225
57298.094228973925,6.100104198049104,5.3561333695520075,2,18238.266634452193,217050.434897545
47277.29162971203,3.0633110902727294,6.88282990465608,1,34875.602970867185,216694.34930843246
63302.275718994686,5.21075101229192,3.6028134721743785,4,41818.91092959962,269947.899081956
82845.98191485209,2.331949010163591,6.693258999122914,3,34809.080927488954,249166.6866062285
73211.40616195305,3.7972647120975727,9.036464434930279,2,27974.7577293517,263609.31900316785
51313.918319320175,5.639563868285074,3.9552389931107843,4,24717.02953337021,202713.4059230268
72597.71388776774,1.8140125329366614,6.284559251415594,4,40360.87651046256,257059.80432039866
75779.76069593255,5.880949475920798,5.007026733305087,5,15770.25074738327,250252.15881142748
56742.138456983004,4.960724402146638,6.638830809289553,4,20298.757396203564,201398.95162917077
72305.87658918292,6.104979908834295,6.028721666123628,2,26024.422345082785,258630.85945819516
70873.13077669,5.447828268129323,5.037769636433536,2,42376.53757511998,272044.9410451327
52855.44553254065,7.728280859947688,6.7318084273066106,3,33797.67636040896,259232.71917628506
75366.81040522426,5.250449005295814,8.706522164680115,3,20319.542414897547,272234.9246209802
78411.76789552352,4.141188917749494,5.713644312409052,3,26896.922946150964,243854.8170687532
86245.76864762916,5.244595006064568,7.079636913222273,4,23856.768559037057,268862.55542509444
85807.03078052355,6.086596058072776,4.0600905631932545,4,22902.11007766465,268438.12912285957
49334.959480643636,5.0977201406514085,4.565345434772987,5,39788.89558556779,249240.05643546424
55932.62440127316,5.081183382407764,6.7086094168205666,3,16282.568707364944,208402.46906471887
77725.5290081299,3.5960166243864893,8.226174042803947,1,46087.808557343735,300518.6525414594
77706.78926368314,3.6741981648981037,6.53342002317849,5,38282.29690184623,282843.6160837316
77725.71529459071,2.194789456400613,5.530412954215269,1,40908.61670603698,229223.65249172822
127790.97235982082,8.499153486373878,5.998937108135031,4,25370.604879747418,364119.21906856995
78563.35766039751,2.51227352921743,4.124388399045424,5,28500.592809208905,229972.4784028985
87033.48460270898,3.6141896044081854,6.90677298953305,5,15668.481854752881,252356.56113961057
84310.02645239803,3.5631854688616054,7.3234995934851135,2,24753.37592933197,227972.9736295615
79770.86876958697,6.789848753888883,5.3218645007503795,4,34936.54847643151,321527.30723706144
65270.96133039481,4.410100643415944,5.294936778360748,4,42960.630617813964,271713.65450612543
81384.53830739901,7.495484145347468,6.398817344478073,5,18928.431831975482,283371.3673400915
58407.621781936425,3.653018751512263,5.3449203959391065,4,26344.940630147343,227371.78059220893
66447.72089889986,5.557988324447604,5.900801078061266,5,28487.007797674778,280166.0261066079
62719.54678256345,3.3293058934804853,9.149582683749774,2,16042.107978075148,219911.97492943323
71228.11209079484,9.290298255546777,5.629461448881005,5,35913.492417584006,324207.57373594923
104719.87850010264,2.6248031619409744,5.462489771968166,4,22760.09668257391,269467.39183919615
41991.02211112378,5.619641420454055,5.028687291547262,4,28046.09648822976,211003.31927175255
80293.9028556177,6.267553761864197,7.116287957249905,5,25480.50628088122,279900.8898100315
45809.26193215523,5.827598194902997,5.728163740172845,5,22106.61494280326,206582.80351658812
62921.0220131585,4.629424682244584,5.025940442517861,5,29929.550145194455,233794.44134816682
86334.25895451049,4.740358600533147,7.9819560484095184,3,27843.904214319777,267997.00346435455
70964.20028643194,5.087622943958219,8.129404506770456,4,26281.421177213346,261773.68025065883
53833.82833106041,4.705995996743023,5.099364651391943,4,22715.383783196572,193891.6175151098
59270.444361100475,6.927758233589819,3.2001900729590758,3,33195.24670782955,251483.85789944048
80193.96623402013,9.421046003182703,7.511270534755383,5,46536.17268492285,359766.8013460564
59044.50052424295,3.885016429984333,4.973055261359994,2,31398.872328391273,222549.28903365714
73246.87884372962,2.2603940408418444,7.1859383987441525,5,39961.18214911129,258104.99926575634
70683.57759855721,4.82343590329749,3.044844273432247,5,16097.780748465373,247448.1119967077
60225.99478591274,10.159418675308636,7.338896007448964,3,31577.614392937696,314384.04675687884
102159.16133987988,3.3926508640605384,4.183242106078828,4,19026.316810289332,245688.66980055076
79508.78533477016,8.278233610888135,7.096146178599787,5,15230.750724680986,285316.4273276665
39622.86120013589,8.355401628152881,6.021409601754651,4,22606.285925409637,224227.86651195196
72796.81472154142,3.892823516584011,4.569090870905033,1,41918.99334413573,247662.1010238747
60073.20302847418,6.137966158370551,5.389445530609829,4,39500.15828669646,256036.28964161946
82786.50002194336,8.256793246257075,7.029477685435051,2,32430.047220544,317077.3322713416
58112.188923509486,4.241744518025026,6.158841679672851,2,14672.994401100692,188912.12341538438
68278.95337799651,4.592839279795276,6.876619470708726,5,28037.193486120632,263482.56743098446
77574.80918470686,3.8366381721027123,8.964660876773229,4,33017.000089017354,287523.72220529267
82986.32791255182,2.9704865386142663,3.653637582433423,5,31755.36229578598,264702.4136108239
51995.55389416336,3.701444909867986,8.425818862452935,3,11562.064165192543,180737.1349218336
64982.481462385775,2.552119466475487,6.156533906284819,2,21096.821519801284,206724.8855362803
62875.82033258566,5.068166936518452,4.6518239275153075,5,29359.222358512834,248297.50638508823
60200.06151139432,3.4600535378827164,4.004529561391515,3,35362.9090951719,219907.31189218035
96481.81360421646,5.467571823581496,5.71631941383445,5,8038.721789000534,251339.75971538422
76074.72566441433,1.8882087075927454,7.382475167886689,4,28378.760245201414,254759.27856014494
51086.74068497433,5.661760464428914,5.808676319433698,4,31430.487698789522,239427.0314238187
83767.92920582164,6.6670579232178495,8.266732395371022,4,38496.11988516213,329008.05229520774
101832.3429551895,1.0125287148570892,3.823236464922662,4,36928.57584237437,259626.3754724379
85486.9789082672,5.748113139695144,5.981866578230918,1,35825.71318808805,278079.514361461
47209.4505106898,7.455337984946585,4.121409833380321,3,22000.594932980657,213281.2969034424
62736.48890700623,2.580717962617589,6.545447823937452,3,10919.978628766923,182238.89549000637
89003.66723779934,8.345144773675408,7.33033108514595,4,26069.47242938599,307105.34880978137
59384.958015718286,5.838038018732091,5.36885730947842,1,40016.3182520856,257236.29217595782
76657.29142219343,3.5899762884831823,2.0936792150592987,4,43934.545275244316,244338.1347632221
81619.51080144005,4.8884618446845876,6.298422220194742,1,37105.491022977854,268816.5035712366
56096.04292632875,6.116653825043445,6.655107827600264,4,34293.408228017346,265882.07071673236
69107.119659073,5.152010782824823,6.606442132442546,2,33796.39648385966,267843.6961495687
21380.98989896391,6.077511984892738,7.853673287733232,2,24438.812532392196,183073.82854695516
54634.185379985654,3.1586528138412673,4.393419480526427,5,28699.3970644638,197726.05464918134
66211.4777291026,5.3387216480721555,7.020324158175674,4,46690.69525826331,282913.40886652033
51283.25227052726,2.1725710061900396,7.7887612687169625,3,20574.419942081237,184010.55223602545
94486.16955897454,4.7775478773026,3.3321186239902247,5,46147.787907098515,319906.0869620888
48547.87933059051,3.1921847170704205,6.479477738878466,2,26779.718455079415,205982.9486845844
63399.332699545244,3.528940114820467,5.243730253488493,4,43254.32109095078,250150.37629204692
71961.10865929136,7.472186350420875,5.877715990347531,5,15931.849905024617,247380.88199508484
91619.09933599173,7.182620241188538,6.5215147253075045,4,35859.04201164649,328258.94544436684
48462.06773230841,6.218276241814354,5.2691571538296715,2,22632.298640523783,204250.89736054355
87447.45628232439,2.815374470654842,4.986437881257582,5,15847.328080758125,225769.24830922714
70153.49591529381,4.367183100610396,6.051228626232037,2,32185.340424109458,262781.65976279415
55277.37023428074,7.426195399958367,4.369131091705796,1,40094.71788595969,270484.25486711087
76931.55211394906,5.28343382727981,4.371262306672222,2,21550.585614065036,240768.8923277274
72985.89543360205,9.63865907996339,7.019059924434755,4,15009.840395415988,270261.22435191553
60996.74684261808,5.786635678788744,4.276808947262015,3,29081.55235665045,240022.5921761321
71047.03127485028,5.3840982329800635,6.999468751363818,2,29125.64671222819,270286.7393312268
64220.2960470736,4.3817670715949975,6.693886939280927,3,35483.196275544986,249827.6053763996
71702.76017876872,5.267081809564565,3.4112899068141047,1,39495.945713644884,272784.4402250262
79931.9601178157,4.695060327238912,4.983653021496517,5,29405.84818727506,278505.9578263275
93790.25224218029,6.416217353377181,7.791164104571059,5,48555.03314794263,372550.76703721756
51432.76751759727,6.913404633589169,4.528251703290477,3,32242.347445352916,245461.58228475935
101995.500619844,3.4280210789841012,5.303393606535918,5,26535.734939931004,287735.8166302087
40718.68300716247,2.337534092884444,6.693091339877845,2,13884.326408971721,165829.3478402317
67723.22357446625,1.3275892537934069,7.175085763923893,3,27373.404796838324,218956.90568361932
78824.75809726864,6.015982653825088,5.622691670933256,4,26636.130545888638,266770.3420526953
74214.8780160255,2.793266787652253,5.103734707962538,2,39603.0479628147,245494.32600072425
60659.50720269109,0.6942188140950343,8.133554792547761,2,34624.83624066854,216234.44492680026
66878.16624464087,5.7771572090619285,8.608349495696368,2,18206.308783673827,230637.57228394793
62604.985980117504,9.985999034865582,7.468287076172693,4,31722.543864110376,305121.4032742743
61159.52864583683,4.987858176920214,6.127977213847536,1,36715.31171729053,259653.85542407868
82744.03145531537,6.676981548903283,4.78760141753861,5,45280.31359387832,298471.9584358028
75355.23228947571,5.16365871709513,4.7543333901651526,3,38875.03967414059,290536.00292221695
59606.35607109019,4.8022206936177145,6.783771157898636,1,37608.46654311478,260791.27210556675
83493.99813149875,6.838152965975537,6.627597331333026,3,30600.859946151635,292364.58724766714
74609.49281314915,4.419450911622698,8.102397889419644,5,33883.120054234496,284820.88617023604
82192.9317825844,5.534784628143806,6.975675138804209,4,42495.049007061585,310537.1949325221
79444.43262885418,5.643395612392027,3.745379547360273,2,16672.226025203505,245971.85853879675
57565.07483616892,3.6638190927139025,7.577921426584378,2,26505.60672783044,229713.4551976746
61597.284397045456,6.984084699073046,4.502909059028381,4,22274.312512437595,227299.2366744856
81209.40407684892,4.650080486609182,5.424043092071472,1,33791.531187261244,271890.81295088684
79155.55398150197,3.4885096810143104,6.3753003093775416,1,42302.221756507875,271043.09430586704
69686.47609053778,6.073019687140807,8.993501234675946,3,24030.257132789262,268116.257151354
71759.91074963173,3.2030640364179255,10.664877834008042,4,6096.9563253056185,209907.0892995801
89164.97343682637,5.056362314738257,6.910084588704274,1,25877.7925497553,291098.46203686245
61126.42916746255,4.981762006711593,5.725205071919418,4,39134.73732017406,270803.38201728073
78206.46071755057,7.171791131663156,6.801758472720826,5,35376.2990294988,301391.28117582947
66967.11021349159,5.949396465759905,7.3314831388107535,2,34281.86247810576,257819.6645589994
66734.78195159169,4.949946082509713,5.518998561664213,2,27200.066981255204,233740.03421353764
86481.65277980786,6.635532598400574,8.692817033868483,2,17209.692637802138,284306.30205957725
82381.24523482045,7.780415098034627,6.345106138787103,4,35152.943216244676,317809.494398464
82202.64454000958,6.115620612703724,6.746614633637091,4,21657.181899653755,286038.938152227
89582.18210731493,5.0207052396867615,6.998886378081692,3,51840.96733380456,340155.8893376661
70315.05762449138,2.376327535299681,6.632379915921684,2,35705.07208354516,249503.59579396163
80229.29456942446,2.869772673849255,7.258410750704418,3,24193.51697446049,245989.31030117668
65345.99865109816,4.389550591290664,5.074120220179616,2,23886.147526113717,207164.4127405695
74862.49528732663,3.7809755956814337,5.162547369080954,3,29070.55793386412,241100.3662894683
68047.85418448474,4.626057394029108,4.349768650542458,3,27604.9807797825,244892.0574283821
71454.93947489078,5.113299849794214,6.659251845930339,5,41168.337755299544,288433.11316528264
78927.3553815537,6.059385508713461,7.168404755268171,3,31864.161697440464,292586.1390169244
57726.689751497914,4.859002443881818,6.686659299227829,4,22683.68261091472,222793.23763157232
101385.8091352819,5.9730032876524035,8.511738650021305,3,48904.406851557826,350878.1350472506
54909.73927750447,5.12894882962024,5.99160597175643,2,30493.083315202228,229364.8530611846
51787.17080818402,1.0490668672922574,7.003112483388769,3,37688.39675968897,210654.25525184695
87371.66310250101,3.1213292123624914,4.362448685791028,1,23917.73492555241,228361.62286282197
81874.94040944404,4.7118248885567695,5.419350446288399,2,33631.15627744523,267932.61183749954
79361.79725578232,2.580610514317785,7.0433066363486665,1,33111.09991143195,239892.9016115988
79425.1826389642,6.199857459992409,7.273653166114716,2,11103.50707903847,256904.07772266187
69816.29840729629,8.061501664687395,5.559049578503727,4,50152.7511046064,322495.6567836695
56541.18442771253,7.437523703394634,5.892601122212899,4,42906.44460922547,300990.46395629237
71137.0683729059,4.573114258139584,3.723189379978786,4,26028.046838540125,250396.26422313793
59842.574327318325,7.9814522736999045,5.464456198790086,1,18977.302595441448,237044.81076559244
84626.79600126627,5.297334914404223,7.335574745279679,5,33475.61613803552,288458.16182293755
67794.13927746793,4.325828057763921,6.86280752415985,2,30866.976994143966,226138.50232559492
57617.54204811233,3.7731946729181205,6.750998582071815,4,33556.68948563229,222306.26095270543
65179.2123752051,4.395060627023743,6.07466053077144,2,31915.773961940897,228185.92716179747
76193.97181413436,4.223646362917543,6.010594737942265,1,35062.40989305926,273489.91110082186
61544.13170794038,5.340832444750975,5.0095182907898295,5,44473.056993918064,275876.47332347505
57666.69406650353,5.3211479620997295,7.048242630303802,1,35681.032051286464,253210.8432157644
73655.30817237869,5.006092040306829,6.631459416584085,2,19503.44501090059,216503.8596770067
73674.49856663083,5.8738763394927,6.738028271989199,5,43625.62852712452,293212.2453668957
62395.85236943305,7.381292549572683,5.210947735998629,5,46406.14563488287,310144.5317640982
62934.425415725156,6.899108270882648,2.7699856201931334,1,61520.56734512085,306151.5247474474
73480.74906036454,2.030204063100193,7.645729067630544,4,18765.059667604022,216809.87610805355
48278.73487754013,-0.10784226980390965,5.281743815987394,2,32428.82013150275,174254.4625472148
48888.04338435167,6.868639822478547,4.705836353935319,3,9179.012968110128,209263.649068568
59223.33668121346,2.266242603169158,7.04021836787099,3,35531.49156379209,224551.0813850804
66798.2927243223,4.550469196214633,5.411981040121305,1,24517.997018332273,225491.72831248154
74663.61348397007,2.659773947881281,7.589904576069933,2,49234.45794824953,282937.5676689297
92130.34325424329,1.3960391248399606,6.9255089243650465,2,22253.85029981418,261212.24770395807
82864.8943480303,6.082925456409576,7.0253539848007165,1,13108.169620327382,228476.14260660927
67600.92205054859,6.518310320605294,3.9510664331991987,2,25287.3625929748,249746.7737817095
69714.75688145967,3.846979198546561,7.817915978079601,4,10245.122287828624,213473.72928611972
54962.05953043287,-0.18208458428981977,6.391875796850784,1,37510.9945450731,196271.32878899304
69722.30296011415,3.9075111034950343,5.4460842911306955,4,9349.169537436796,195013.60046570137
65670.12041619793,5.783608010805093,6.215082701013377,2,30284.57581183159,253496.17555249337
74840.77840507134,2.0421768624517425,3.33564715065252,1,9221.88180143803,177919.04138291805
57591.53584671515,5.3667198395583116,6.612979217221007,2,26797.02195463358,263842.54417146643
77790.19771361758,4.969380301654009,4.455942737726893,1,46433.78155804534,292606.73828571226
92991.08369503866,6.158582999202177,3.9709945712346983,2,33606.47891435795,285659.730239164
68368.59777314714,5.239160736828307,3.716461220673163,4,21365.06395035066,224019.3412118439
76025.67583148413,3.0538621182368892,7.669032562484888,4,29687.96511060916,249764.0868793993
80352.1598756667,7.393143003328983,5.056104909460817,2,30180.168720444464,268144.1001086827
63981.692921712456,4.68294085394606,8.300591564874749,1,34726.30345843406,253456.61074625672
73361.38722715626,4.945390920980136,5.196297805421553,3,16331.416367191736,234468.60263024445
70188.88601172692,3.133464081853608,3.43896306361058,4,35925.67273847331,224921.80944035802
71465.14147823247,4.11343549761698,4.325213340077012,4,2956.083683972247,198355.127772354
58404.853242168,3.2303945719461984,7.853717430010408,3,23701.154476361895,220459.86989633323
70367.65261388414,4.654107880153154,5.766152733094999,2,25117.261575484554,229815.51131909149
77469.97436868175,8.423416960284687,5.177569055264098,1,36333.268260712386,300578.21658023633
91767.15411692562,2.2561977141372873,6.240027338779181,2,30226.30852676869,273848.68014060496
84389.0623912781,1.7728772042465177,6.752674104251318,5,15944.369461437134,232299.95320857182
102297.73686267334,7.942340654987217,7.676098223853691,4,20150.068741829848,323638.4769957919
58489.78655667926,4.581352645696268,8.17274884483939,5,31986.800095474067,251008.71753751682
83084.80955081017,3.6618545226801666,5.460347031316371,4,29209.32658135444,259732.23857682425
72750.13008607528,7.079809374792153,4.010928470876943,4,24208.758903642534,255277.81345928117
102847.04399826509,3.788768920526272,5.379802258315086,5,25191.662104880204,263393.0956468061
57875.525719672725,8.652019427093872,6.3904207598743294,5,36961.679971592894,314630.7256983525
57404.17236728836,6.355851742678539,4.554361610684084,2,24823.074271307854,229635.98256574807
61009.11031833967,4.024177183708595,4.564273627657435,5,29119.087559709267,231796.45322352654
38141.56413535289,9.314616426531007,6.5156818223248285,2,51699.36588080543,291756.5738428053
62113.674674788585,3.788570153993323,5.9270214726443236,2,15763.17363116077,190866.5001704134
58613.01007669453,6.484190744018614,6.04919549311738,2,11481.572684253413,210111.30057983397
72255.90679714312,5.598585160812984,4.8622569979498955,4,37835.89664798607,260358.84246762304
75126.33963665739,7.603482578797596,5.654398928691349,4,23213.569387058968,298194.33364106977
98142.56258823829,8.123022393453706,4.6136502835975435,5,26817.624722573797,307802.44869580586
84256.35757279076,5.064008298131533,7.33529761668718,4,22188.436218688857,259758.31702284326
61346.44516506395,3.4931642593076333,7.552874002085629,5,27401.998592324875,230117.08549188613
56523.77992977463,5.919944285878233,3.2307182066428592,4,45985.381120963415,276990.2232771092
77378.78757259759,3.6445692604957878,4.6057337097113855,1,38021.284586181195,254730.20167740012
50196.501894690366,9.026774495053246,3.7552061173648816,1,38622.23511886977,252221.64065682734
97471.8814878153,5.273070662165475,5.024964098389653,5,15837.729442073545,283282.19183704647
87691.60181081931,4.269356897375783,5.874843045314459,4,18488.462634471307,259892.11845335652
62962.365218429426,5.3693606117298165,3.8255321704522047,4,1609.2134051457324,187867.59117965936
44302.98206363684,2.305747420940607,4.6172102803120305,2,21906.19178917246,169567.72469647482
90308.0856124812,3.056771922978697,4.494063941877752,3,39567.03186385658,300577.8500914352
68281.90232121073,7.400827815888851,6.310900994098416,5,35169.46515748371,315175.5158765252
88567.24467960192,3.6862114420572087,6.104016505554376,3,27784.86737047876,257935.6452786714
46083.58511808449,2.906178034636121,4.91739366999412,3,29776.99716281947,207566.970627209
61009.374655693406,6.073305505054572,6.265231308209097,5,23111.144574245944,248627.24462121222
70078.65549577275,7.371408309325994,5.179979873119102,4,32047.588824017843,285818.1015119278
70704.70890647113,6.437906621330134,5.59251733451092,5,37658.782794806146,271793.57351874164
63249.01792781134,6.992095371611633,8.510178135447806,3,13841.132125895272,242323.77788298097
79342.74898521249,3.4864098228610785,8.010691577685522,4,32996.47687837348,263796.39744823845
53985.69355926108,2.1563786665163125,4.050628144608604,1,39324.34870954667,212724.75329512416
67864.30772468059,8.002667303910973,7.244598626818762,5,25848.997110366305,295454.9269849851
71804.43447567848,4.354640322315729,7.217094831737388,5,37007.006121205835,255607.6778276105
77716.58251088124,4.498333967089906,4.277605066871073,4,58146.54444472553,311018.9790209846
80674.22317133335,7.656388283698115,7.228166465632291,1,28956.572070131082,305847.8091103473
53130.36862243196,6.11246001880132,8.30689787761883,1,33933.07050005323,251353.9938867273
46988.287438965664,5.911775544163215,4.316182790633379,4,22619.429163386085,215710.59533004338
89165.15232847763,9.330004689802168,4.623745768478605,2,31812.511626020503,323303.182161443
74984.71017969388,3.712963539239714,7.5264922002652535,5,34602.71624982304,274861.19648243656
58772.701951651696,6.855680256162474,6.4072429662384724,5,31948.42340270138,264935.76734501444
93267.27963283785,5.114026249794169,6.827214412859285,3,19803.046802911434,261617.53957596066
71735.11951439288,5.537184557726514,6.510883824600745,4,32063.617713254505,260440.8779241169
87689.45776095739,8.056936852825064,6.586043881392216,3,44621.959387176365,350371.2184955537
71012.77722115163,6.015671512579248,4.010291807533376,3,34486.357645145275,264894.6378406662
100911.21887322981,6.076592158099266,7.570976559932173,1,39619.87189071841,330842.25402586284
96330.11263664806,7.145014674619604,7.75438498864166,5,27629.880299873723,320738.1008209004
66265.5377728139,4.270094540914229,5.655913883897958,3,37499.002394237104,251324.93782151962
84573.56426431533,3.3215806653219873,5.934784575279206,1,32792.67838216526,268804.5506353008
79680.63924377722,2.910381611957933,3.7033387461664167,4,20490.89270312768,216770.81330365234
90529.47336298523,1.0672868212479965,6.771382134026752,3,33185.210047988745,242283.76189005334
55526.14809129843,9.112414259880644,6.858086162571216,5,20083.033365596893,271306.3800352057
80290.7718999766,2.7935832685566337,5.906713474501034,3,23671.19725115208,232199.18577169336
85876.36730274382,4.557492752828456,7.6865300398057546,4,31893.28307292374,288922.65348260436
43618.90770365328,4.446373400222159,5.498884153530089,3,32972.44273380124,228407.18485694952
52251.12231001337,5.614813395618201,6.8469088888404,5,18107.67534922871,219769.10699035643
39411.51733359849,6.6314744250785935,4.470503491961827,1,40539.857711828765,234756.08986583757
65958.89748333163,6.720946976719491,5.964671773688643,5,35720.06278300473,270622.0655136618
80763.13383693944,3.8338451228621233,5.738468613145746,1,22952.715643891162,234884.23181403184
92535.35578144042,4.665756572427177,6.337961883061412,2,14624.152035508247,258493.97333484198
71111.42170629663,5.5651599009765995,5.445709606749962,5,28550.954209185686,246095.45068291968
94429.23318356938,4.502617747632906,5.802791106492498,5,25540.562861388396,283773.5594380795
49298.47812677663,8.214691152039986,7.23907075716226,4,31131.404570530227,267560.7023638846
44449.26340967268,5.981949903276503,5.344853644142674,3,26368.833388444335,215368.20370075048
69166.78451655072,6.4697555720996345,3.590134348891981,1,9925.431392549901,219620.85601196456
75760.98173408961,6.325762537334826,8.62437585630813,1,26116.530616988417,278598.4236384854
69509.5787785886,7.34694771497065,8.07218111803573,4,26943.80888931687,298763.0876699663
38988.368499401855,5.3620431174074135,4.0616059573415715,4,36336.61024774059,207148.3390494256
68663.19940730817,2.406336104088307,7.034561707867791,3,23018.003253889503,218626.22087114677
50432.9574924272,5.799375903505283,5.245537844172985,3,46786.74673372566,263289.0458259094
80045.08823245058,3.697286212416342,6.39523082299659,5,10883.59449348243,215091.2926372363
75498.97369145273,3.9427666365004863,6.4413361935202404,2,43111.67497802625,286669.10784675105
55901.80320508967,6.172728037510186,5.648388299525517,3,27756.810291218953,261582.28032133004
62291.9962399496,7.476566142867272,4.824351501620406,4,38595.84872343556,281347.04999873193
54111.79717166573,5.042543153472123,4.964188421525611,3,30798.01484058733,232060.30996376023
69059.81354090243,5.617666025197927,4.6257121267781365,1,41395.55536025469,269531.23667588626
84327.13480751857,8.404429889270476,4.752266687654333,2,26126.380354471887,285413.2485521263
55214.10930496684,5.4815063589771365,5.899232564925967,5,19013.795748221877,201952.37909027506
77560.69773276767,10.203366228360789,4.926360016333872,1,44205.042872710634,327358.8598788964
62046.13572441339,6.1310192912630885,7.02307809856893,1,28865.19354117859,236305.59026493545
58106.907516064835,1.4784744816883646,8.23086923300389,2,32215.584736242105,230571.64250907575
68394.54460068163,6.506683242209065,5.129920137944936,5,42347.519140447956,291852.1913545013
54471.365163709386,5.7623167697655555,6.359106750803066,4,19680.447579055653,219027.45106487456
61695.26041979227,7.579505508165491,6.7495276654544005,5,35954.90897639257,297886.94023927854
52031.831611167276,6.346362702539917,6.708003406378912,3,24101.05243537109,221035.98531622792
99470.87699374584,4.723088032032452,6.113932901874131,1,28678.30644355628,279694.832827381
70528.95327957593,2.5514035274212685,7.114023627539583,3,30722.78965384289,238003.8853314465
59504.117380111216,4.58195348542795,6.7233734290209854,4,14997.78138553064,220975.83075484735
73209.69866101333,3.2989590915813998,4.143506366509053,3,22211.629571795653,221961.78033515846
68315.07925463756,3.8389531003905546,7.303734096583909,5,43510.72892413139,281885.52964220307
66685.45600700166,6.177156808841219,7.330936255900113,3,38861.911885847956,285959.4345024713
79212.50050065138,8.339809008702812,4.855070843732127,4,29373.60422672765,301241.76206538884
81362.61565070957,5.7893430596459625,6.056906753171403,4,32431.234585128932,289100.8860599315
62042.48278584209,2.6082338759296313,7.024993489216604,4,27057.574943635424,210086.45752364397
61362.7263903298,5.889205336440281,5.686029270630957,5,43565.83385827982,281958.7492359435
65874.22454272534,7.393262973291302,7.609467071649018,4,27996.47422205836,268047.3637601853
35471.18252896623,3.780434191361236,9.54580874192904,1,32318.42092134848,207187.8266884121
47272.13406702172,4.7319656666541645,4.821020951047526,4,41460.30144142065,232447.08599027075
90503.11401166787,5.0293763894583945,3.928433095269338,3,22226.285151540935,284536.9869193429
94674.51570251926,3.43020337383552,6.455727893407314,3,45587.89184496894,308369.2866115914
66264.45940665432,6.2965608676877185,7.082343757689215,3,14695.385902566231,222122.3927178213
78648.35444583649,4.758103702784437,5.653700439232846,5,46296.42131112798,300073.11140825006
74668.75231815304,5.839064887814056,8.179890994981552,3,26273.244160480255,278033.3081076172
116183.21212682856,3.2250156443958,3.992091300415127,5,27573.012521747183,313365.09564129607
86793.62367151865,4.125083399353179,7.039377934547417,5,11099.89828817057,237943.43175050084
68081.2361277885,6.444762715655543,5.09120876886166,4,25452.052826223073,239105.35110475624
55666.89339099362,4.254333695816466,8.579066859310945,1,19601.934689731155,219311.25083498194
45903.30519613641,8.45392770246681,8.988773029752178,4,23923.536546265274,244379.18600116763
73051.95453800834,4.200727628770795,4.850015118324978,4,28626.890342111205,240727.50995549292
58654.73882073545,5.449369451503772,5.17566429613713,5,39577.91614472905,259933.75166117467
48666.19435603489,6.8651816637461796,7.2893818304697025,5,32076.033514006256,256553.74981887406
60301.4067363621,2.1632685341339366,5.4193040253157285,3,33076.76653401114,221226.4932112268
53776.779945784074,1.4783823760384482,5.931883173101642,3,19044.806111544378,165361.67894479368
95307.12452608848,1.9486873708598105,6.038082630813615,4,21192.4591039727,244285.5993380767
83224.59635424176,7.525168206854364,3.1204902657035154,2,47987.25018351312,317522.8247659562
69880.41038025075,3.8962837082151065,5.9792433808586445,2,22647.989652367534,226471.62843674337
92199.16208335038,10.116398571336504,4.965408338903739,3,46562.082520572956,367392.20732113445
71160.52461471428,3.871504802685223,5.260315766400342,2,27569.388011191335,237256.24755553383
57080.73698007604,5.369102606394074,8.16544800520322,3,30022.87936143504,257623.52537935838
92846.86115904486,8.08421990513575,4.115239658581116,5,40703.6516022993,341022.3334439387
78083.65065526988,9.012185776318246,7.2198077801219664,4,42718.924219386565,345320.0763205624
54441.30768510315,9.123007153272795,5.581555604502287,1,28891.874397209125,245761.32820984756
67144.91982874587,7.416732461186285,5.5803597472562485,4,26117.56946478461,267523.9190124889
56865.726199228644,7.048125051622925,7.185557844077567,3,29440.79551477787,264384.2955450319
49258.00403553496,6.185053898402366,6.5100769418533355,3,33379.57528232118,251336.49225693967
83892.66321297461,6.5567221523332755,6.855919495829296,4,38913.036868697556,308588.3798169983
98641.24960705196,3.897628567342933,7.452276990799292,3,30042.298589941514,286693.7494690003
49021.48639271288,3.363602233155386,5.503037425225016,2,36188.86298023153,207320.15825437533
78444.53855035856,4.993251085178096,5.081644898238375,2,46383.59732270941,297138.8768128429
60240.361463172594,4.659630754950143,4.372274210163303,3,33813.09612264785,245783.22358961462
62693.11924352956,4.093543901345449,4.761884205031567,3,33116.52856004778,229942.99495108624
61114.09113641696,6.392774894913431,10.423641637963087,2,14810.891749099323,252418.50047804433
57040.138454802756,6.910610417141021,7.86701937110518,3,3692.698631709365,211621.60406420493
70727.82441917241,5.176813772583695,3.9733884506879678,3,33883.757292301685,253251.47342101438
57535.748253834434,7.955060162110524,4.016313064884645,4,29051.75768719128,253925.46240248295
74056.85238669759,2.71662177173299,6.722799092577738,1,24852.173250852582,232035.95190799172
69246.42835826294,4.612681081440564,6.820897196066951,2,32435.302041863448,258227.32158373244
66415.77929700386,3.5663553587943904,6.8233257529760465,4,29395.96270803092,262954.0309908681
56386.545069376036,1.26692676585388,5.617566309669453,1,41277.80250633899,202370.27539365485
61348.43004147501,4.834638628314601,5.811818609995649,3,30861.10868258978,245331.3587808161
81330.86838738635,4.756504983233433,6.4918192862390365,3,22530.767149298325,250789.97304509053
77513.75781436572,8.026899486484261,6.128839509439995,4,39901.66238959289,310294.28404289053
55336.67132802174,6.2616233691095555,2.671049440878697,3,27828.689250537976,223525.1950182479
71489.98458143839,2.95162635134159,5.6553005541372094,5,35265.36683672307,251932.00162377604
81270.80685057683,8.708185132668376,4.72289034860953,4,25225.892938071996,324236.03477234155
44958.92078317942,7.442067391050706,6.262817128362768,1,23501.731145025635,221335.1448603093
78150.40288569902,6.164195406937232,10.477888503905115,4,30841.682301856963,293638.5782263135
60060.643615812296,4.547031802300336,6.551222498211457,2,30128.28643543685,237304.07598359665
78558.9800288974,3.0811215265530407,5.529705470741403,4,34798.27035366833,237148.3529944565
58551.11265186225,4.255586447857894,7.382702252965879,3,27313.542466902574,230003.56182896422
42926.76849003221,7.177497239408372,6.724031830813819,3,11636.402162296028,202218.3414307448
45586.86343175256,8.769172611869218,6.630141735677762,5,25672.261164116113,263513.25610239414
70721.27419992074,8.086487056544378,6.910275889823507,5,37938.18467143815,322110.75315159716
73895.83752582222,4.022301156427452,9.084815347244312,5,27026.239207568935,260507.62681529013
56435.25062343387,2.7607651334219776,4.303667347011126,1,27536.16597485452,190345.05580783592
79578.88688166061,5.281772493822408,6.710448115217182,5,39863.76505905937,292804.61764881294
45077.1990659656,1.4631212688742967,4.610428305027693,1,22880.267727410774,142779.06271957443
69008.80302029024,5.646335428369563,6.833268969513372,5,14571.967817571003,241385.7870906462
51834.75700356315,4.7047948274026625,4.621970232770859,1,28393.688804745056,194961.45706674978
60222.45838296761,4.067926996263515,5.373949779592373,4,25158.26048751263,216052.95840435504
70710.9800697462,1.810593865466409,5.5573651286431405,4,20337.53680246746,194682.56840844164
57093.799520740715,6.027200213139433,7.463725079017063,3,28246.215441013093,254220.5895525195
64231.66683655262,3.9345983206761774,7.37768166591362,1,34915.05647246783,263426.3057287594
85094.39213821662,2.660166328579424,4.131423935330423,2,29907.11438432184,227698.72011038166
61346.62195715277,-0.7445244265632986,6.082401166499773,3,33069.81072686238,171596.1311273441
82535.38168097712,4.9449701898987275,4.935630217876241,4,48134.07698515423,304950.21062664187
53054.397180135726,8.544503193339487,4.112242633986998,1,26571.211384424358,241887.24160195974
77947.06266872924,8.32251842909574,5.674474424363444,5,32783.4863464467,311271.7161763349
91623.5293098685,4.0858074868274565,5.537275817316271,2,24907.866374008656,257332.27551533253
32925.33249809066,3.7955758792764387,9.640074729518282,4,21536.402801130273,188610.54380149802
58046.57116794285,5.937548512150047,6.649439738041044,3,24150.9234658223,240669.49160067062
78656.0819077081,3.0032291216234173,3.933573748868644,1,25212.414284783114,231513.42031815418
66954.3192093551,5.6035837996389315,5.152838993743586,2,33594.75797547126,235870.54002689957
75567.18810056963,6.53216055676938,7.532074943144098,1,53490.757867007575,322624.8837779692
60940.22219926269,7.453866447768615,9.132664159304888,5,22839.565637241598,274429.53778699844
71298.8468120935,4.799691847040094,3.6210250316430628,3,25833.746943845374,224538.04668833988
67664.84146911881,4.592652499646068,3.1801134222914325,1,29368.769868887517,242373.59036704412
87516.73092489711,3.244034826486878,8.806447763057673,4,33957.98848709747,281309.5616394104
73816.3126495182,3.3462392919202797,6.5844212660563555,3,32635.50811954785,250967.05759278475
75064.03993112803,4.547042216196947,4.69756090218545,4,42840.95793948117,284796.42341697396
63821.84550816299,5.734731013632356,6.801943629183653,1,5736.079294647916,195649.1072457632
62685.906638912595,6.827169252466499,2.0463783914746836,3,6130.701298043274,175328.1165584497
63511.627182705684,3.3936420986393103,6.005063259895741,4,25041.21827989851,217025.06935056203
75916.78213567445,7.985377137919043,6.491731759264628,5,40973.00187543708,333428.01268916985
63685.232787696055,4.457752797914862,7.386405209306744,5,14343.519683944038,217355.4913072631
74346.6228534462,4.957265411303128,4.479156071561194,1,-76.3233969375724,177871.37894254163
101131.01197968159,3.5055766417043532,6.128530742105038,3,35711.794062192086,307075.2483165025
83066.87055147538,0.1515194794541168,4.611863060910619,2,32436.572237027143,216740.2114401311
65109.647017482384,6.7680907927220995,6.383075633511476,3,19097.9159320057,239354.98034851116
88018.20883245918,6.473687794184867,4.656980516455464,5,20144.6039927907,276832.8626550292
63878.86940467673,4.437344885763573,5.387848741259669,4,20302.562803653258,227443.62437444358
39428.131972332194,5.133981434449744,4.506276907814657,2,31105.3531747394,225041.23850887327
54878.70533623894,6.031878435408199,6.976704362735486,1,23736.847238169932,236266.4197250319
41938.121184612166,1.8749082862269146,7.287676674984998,2,34940.639189755195,205574.3260575062
64727.297739380374,3.9418946453074106,5.64806914506388,1,1453.733370956088,165598.0435394977
70276.27568784327,6.588529359243655,6.0573569924400426,2,21431.48134872201,240190.77372415093
95146.55968412924,2.491421153661501,3.8271128780496837,1,18739.460390889497,227871.8497310275
74903.91060646244,5.587115864333258,5.5504850279898195,1,27436.59321627508,254924.33527812146
66713.49206786703,2.28683639075319,5.924693074437383,2,24619.522415098614,197015.98479807063
82441.08371775234,5.932859964867053,9.931189636544962,2,37978.43779895767,312850.10370689904
36832.97036488172,4.9287170354050325,4.332049461338754,1,11406.632283399424,156003.31379205684
73534.21837162849,1.769736368188981,8.196265858128656,5,30454.91476330752,248493.78400677166
81562.9779083045,7.329478708914342,7.495288160198712,2,35583.364232117056,315325.3017506706
47821.20631330238,3.5308168464039014,6.420954606735204,3,48566.47436561955,248187.34700028214
87156.31064810394,3.3794951259712382,8.6379307262927,4,25182.340289065247,265013.66484876175
75077.44611241622,5.401138394461886,6.558158208910294,1,33244.58604352517,263768.50997835654
63770.681291487985,7.29727469885743,6.583738793501893,1,11961.372074376352,216480.6930621297
79491.72799159428,2.968356362043206,5.920319020473682,4,6080.437956869762,220531.37701578235
104060.39286706594,5.123359699695944,7.835353323627942,5,38447.743757817,338530.944077525
72727.99382587743,5.857633000661146,7.644703850716326,4,29944.397063519293,275532.10356809926
73723.30879450504,6.386211214526288,5.061484068755681,2,41785.12689798423,280036.82866224274
63109.58650689634,5.35288311055445,4.021129208101849,4,16265.97111030251,242187.37815028106
57252.33445802813,4.265944321833356,5.6955290439065145,1,35199.02139528753,219680.3525932544
82455.03724816369,3.344819558702561,4.7999421534035305,4,48688.178405438535,286218.3397811051
57158.74261136699,5.172287766092749,5.904713138076968,3,34197.05608357266,248537.03779836875
71073.49355829088,2.855721976028786,7.856157202026209,2,32765.815055910487,251982.00587711897
62835.13829852325,-0.8427009669892147,5.314047517369815,4,30085.5608082435,194146.37753338565
77184.69738619588,5.873119608315336,5.935764928032638,1,14291.185428740879,253845.52273778478
75004.93157930422,6.807869682172391,6.087034102212593,2,43555.72935710348,309194.29997055733
85563.0991638685,0.2741351289163232,7.272646323307927,1,23891.42360194934,207671.77085573765
62349.75401717879,2.980538590580125,2.629665999023092,5,35044.83256383017,218998.56080312742
65951.87597059943,6.238308522010396,5.089949557852055,3,14369.656934287465,227578.28455897718
55318.54426326539,9.114990939423397,6.316925538419209,5,18205.403354922197,277805.42060613073
63335.60109885833,5.041587415350816,7.800118434640292,3,44350.873992222354,268143.5611751988
75659.50739567279,3.543994117541731,5.262146328740692,4,26526.97711042157,252319.6531857254
81354.82924968028,4.63420711779032,3.185170940937189,2,44532.75476042544,281164.8229734246
56167.52013733562,7.74975283829637,6.929567168949204,4,29217.693409414824,275210.3366048376
83044.0888015849,3.708071641750929,5.046956416761556,3,11581.022270421425,218023.72907817797
90334.56788207426,3.401615986699493,4.215500011364458,3,38920.6759973172,269012.53744029975
76201.52354835552,4.034512955635935,5.063481915430164,3,24101.076822443923,244675.7058949446
98151.937188371,3.0933427834825755,5.723211963516226,1,36986.88813517043,290295.47997636045
58393.1620134464,5.245340631989591,5.09288300319268,2,30252.10867540082,241732.35136422777
51330.179450328746,8.24935691693912,2.6916509143513965,4,14568.817720571296,213951.6820039976
43319.19626643582,5.6461585462320585,7.3455992953306986,4,31642.94765370569,227456.0514128407
92440.66467233775,4.495292995747425,7.912312561918084,5,51962.23142152799,326512.0826683888
79815.48484531087,4.416377462168912,6.977282987009259,3,34929.86458514459,285826.878676385
69166.22993634318,1.873618382606686,4.293471494362775,3,29424.822469945368,216041.42596672612
74199.52939479731,6.766219554294318,5.697762699078723,3,40753.43401956897,288299.3448410311
53117.66429052435,4.8443256059743955,5.990218027155813,4,32106.68465203111,228898.47520240553
106686.27969425239,4.639040172818749,6.898191584342865,5,32095.34230262794,315433.87567702186
71938.31772962841,11.38621513568972,7.002510733077122,1,19083.748278408973,283119.8338537192
71640.9219190734,5.597505816731372,4.898739301832256,2,32338.480257895983,250430.27410482574
80886.49935848037,3.4964178998096314,6.1229933346203405,1,40354.43416416945,259279.45946919394
77215.13847605069,4.147284807588913,6.685920606922862,4,21639.37847899975,241879.1256636996
73358.26036418696,7.29689141839351,8.18373348322015,3,44244.95821246948,314027.91358795966
58142.88316832032,5.226540821075529,7.056759809737085,2,29082.93975854874,222659.36232035118
77072.02535703994,2.1234440433652666,7.183585031063279,4,21122.304884614594,247230.91569945298
98230.3674471255,6.838457869150407,6.125739941894041,4,39976.320769202444,350836.87842035975
90181.30069232467,3.663711828922012,8.115688717805256,4,27132.057642617307,270961.4339867682
93897.79939959096,8.74659555243509,6.614644193939246,2,37595.14887486108,345300.38730969187
62331.76485353222,7.160096131429297,4.708368134739644,2,27082.41367741463,252979.92752133176
55155.92769612129,4.1053562086824975,8.105054955187786,5,29401.73856470096,250027.06408408252
68113.19619850528,7.562032723470226,7.046854908808541,5,34935.602043342915,289709.5498965879
70835.87368433042,5.1357110210548065,5.335433968307276,1,32908.97057590006,264027.09957020445
86412.87277706423,6.705547350244439,5.280760548901135,2,10044.682195482615,243688.8967614423
44613.030554277706,5.96946563458895,6.4448633177111425,2,18787.56259905608,189055.01992228781
92943.2547919092,3.3072866900182527,6.694777192901377,2,39294.09984790815,297791.2003415145
67629.88152131515,3.712900335365076,6.295938398446809,5,28678.634110984527,255318.3700910509
63596.7839507887,7.059921635162322,6.466963010164327,4,24762.68697228578,285733.6710085063
54818.434371097486,4.330449335786918,8.549936061864571,3,16414.25984742526,198113.09226778665
45177.14992201346,4.1927030735160065,7.607314728352328,5,19202.636787241514,208123.7996852328
82347.55875942872,3.089754841301294,6.285953386897536,2,9782.013600380527,207314.6682494694
71099.76950782606,5.847198131186922,7.411965871151224,5,28987.19281298467,282989.4376605741
50650.58650388419,9.12504983848629,4.451214144708691,1,24015.62419418953,225808.80174029918
50573.818419045754,2.8649341714914542,6.596890574920213,2,20334.121090146848,171535.06664139227
64963.229510648074,5.0484389133455165,8.713959524599666,1,29318.765748320468,245377.81428740174
95035.32287934089,7.8244411108308585,5.67293115691144,2,33639.706308527384,323231.10428561276
66106.12972954592,4.84071721750857,4.728549107071373,5,50931.97932209945,281662.2582835768
47452.85570322841,5.904743592499468,5.021866667110409,4,14881.165804367864,203688.92786325925
66313.85403871084,2.8752129437062406,4.365550443986417,3,41593.81043300522,252507.22976365034
65909.14645378494,5.856614194415297,4.822857137808445,1,39731.01561015072,270001.95394662756
29546.700355876426,4.625711469990902,5.444237852114957,5,22209.072606232996,193404.37610337313
69185.57700223282,6.971459991359726,3.891649471232037,4,32032.35954586031,273174.1981593807
66535.98204686983,7.374772103129502,6.023427500924405,5,25423.667506623846,257347.1995160678
80443.09547220127,10.179127284037229,7.353415760679971,1,31856.88580418739,339570.53159583226
97734.34142418018,6.1592663464271515,4.638365729779619,3,45091.3101340455,324517.06216147094
86898.47544321636,5.6515926331643325,8.278925885462654,5,36056.06232631313,324474.578573263
65966.66964167754,5.388768603154672,6.766188132791392,2,35086.08373233442,278578.1407882399
53402.11136887495,4.293667414378623,7.5458708784360855,4,25696.906800453577,228729.8892974902
108600.3970487479,5.6769676869233825,5.013248169221795,5,15159.433350756648,275093.7918583314
70888.27651021733,4.409197179721941,7.2817878405999235,4,27915.317894595923,245481.83988963894
70208.9393786942,5.336921952539228,4.3620991494070305,2,42066.08154863915,283852.7321065983
69638.12369334995,7.63519507121592,7.335371251254763,3,14728.321434103524,254251.4085202368
72971.27141151782,2.9869148694407177,6.257759009690297,3,19449.106318233047,219308.79884602313
67834.59382114086,7.279757122258091,6.8298768299771755,2,31262.67736234068,284812.44499049557
61395.069896796456,7.634230134679731,4.236608091562722,4,20153.452151527374,248888.07957366362
61797.115881394115,4.763862946017842,4.657395236585093,5,22074.765528847875,225558.8086467454
69508.70094676003,0.7562902019828108,6.895842327380077,2,25764.01418271823,201746.50973010037
61848.62843299352,3.7843560258111353,4.577477993663699,1,16343.825958098505,186064.86033479357
59307.313259842536,7.593989093122218,6.694809438148685,4,20258.781537836316,259471.4593403155
71596.45341537845,4.954263875402236,3.9492932903096314,3,37034.27916787309,265288.0389750623
66175.34173868717,3.0013955354101785,7.272261319000002,2,16926.302177690362,202917.87890633536
92559.89482874033,3.990450157543565,4.151215027847236,3,14021.278655051623,247364.09939781696
30235.45287410482,6.681240053009106,6.8284499065192845,4,23699.750204661057,204416.988631869
86372.60277883692,6.093467136402759,6.938446400469001,3,37319.55502509846,300308.29584148095
88691.27788746444,4.522135801660611,4.954842272355638,2,28030.781920031106,257504.3430606097
38899.14651387776,4.266351176370625,6.87303985062709,4,25354.189218843818,188298.4008622483
64859.68608879477,4.216483701912356,6.390663395000334,1,30443.58797515607,232570.75891159262
64428.38701006313,3.155179631002995,5.1917372157108925,2,12542.925671403478,197576.15702984802
48887.32457923268,8.230751378938884,4.487167973885688,5,34947.05653775032,254917.50179286182
58332.74968613687,4.35535906157732,3.0560614624911313,2,33834.35031403644,221886.48069568808
53341.36231801257,7.434317041650993,6.52447507094954,4,25906.915259042788,244224.52631008794
96284.05665135435,8.042632103844902,3.6527958429569174,2,40059.245117964165,326631.785053479
84035.17589721191,6.996621796295921,6.143016299161962,1,18725.039010469613,252083.7292056736
89073.32642491237,4.136759374563903,5.604827675876626,1,41279.08993253569,286354.51933589677
80825.08096064853,5.807460180673219,7.018714163157293,5,31544.93665595251,290558.61357734684
53064.22343174156,4.951608787218167,5.546931750765204,3,26634.474101218268,224518.9094164135
62132.196005803395,3.1925962785397437,5.505828320479363,4,29801.263646316886,226488.7348216868
77340.61841841877,5.6487185634432056,7.097806056432443,4,28927.352341890582,265857.92697848316
51668.08286662082,2.641920417680395,6.502587043626177,3,42202.82896417717,240681.90406365582
80694.97645258582,7.375358776923127,6.474233935774167,1,19233.208725289864,270736.66997978056
66395.11902762798,4.070765405403214,6.70390138471279,1,22374.807608534018,223553.38990788098
64377.68788675604,5.4023193117456785,3.6966418151893414,2,40363.0289207248,255707.16833113576
80664.39952305237,5.566575743092284,7.135183019980473,5,24044.65064816141,270249.9986395044
76663.94967229059,4.482190052591846,6.918703191020404,5,39005.330773315916,289600.02593357547
64585.507512713804,6.17338760295055,4.474975307135255,5,46994.359830087094,294731.61785371247
87389.94705046373,4.050192686754951,5.633879289488698,2,25982.04973058366,240251.38643840037
53784.05008600154,6.742594594914488,5.9410390685585535,5,36813.623265753056,261046.8545789851
79239.03410416396,2.308040639506503,5.798254823397401,3,18463.077186601415,214306.9163374649
78896.51886952575,5.2527591590928235,6.500789949852802,2,37547.33298067809,287032.69166277983
65356.803410290144,8.87785799811657,8.147050172746775,3,31994.23985986767,312470.62573934137
74891.99533363177,2.9993373507888506,7.622650091509243,2,34730.38282160215,248187.97446311885
51233.29635422045,3.644510058950297,4.031671209852891,5,23544.27927964605,190562.3412612118
83860.40528810352,6.02781569931783,6.933104985459073,3,13389.165844328276,251387.28043482002
67226.46795335517,5.359163563879196,7.993399979303114,3,35032.52064749505,265448.10285928496
62159.154692214404,5.701260198547119,6.580212781033804,3,9365.968475205456,207412.46992825012
85735.13838755334,5.978374260295327,7.636470637778951,2,26826.49507757465,293929.815728207
59434.84464185861,6.269442937123539,9.018405668551148,4,39411.818664199694,277224.007051535
48873.08055454661,7.219399683912446,7.535564319160472,5,31918.97735873036,266297.5379357365
46650.562397141446,5.819637313857025,6.373962893462593,3,49483.426447898135,250989.86179720826
79090.1492701846,4.517484690762915,7.56763271112713,4,40251.091525817734,288537.03745575505
50793.559712555754,6.345147402405463,6.217331749645337,5,23461.016116744235,229355.61157242354
96321.91272976546,8.799763869790432,6.035854564927433,5,30273.133798514387,354954.64494335913
38771.05888174417,4.7347325072348525,5.472878646429401,3,29526.29297455564,198172.86952869617
95446.84552435057,3.050941390658717,8.345120038248162,3,14178.232366538728,230749.3123829221
73165.26200803928,7.214161338573946,4.7723570010869985,2,20596.010835156467,232954.4240049338
68549.30332194411,4.759237672092803,8.298551587017174,4,24392.390930201396,253034.16736279964
61826.21369786575,0.6546609079719277,6.749796185610557,4,9637.794971440635,170448.209055351
75987.04171528107,6.694843354300843,3.9010407377970875,3,30474.93468251643,274138.62774622085
69435.47946362727,3.9293436280921545,6.551473939487132,5,27509.28155346959,247898.28933874718
86549.52823024782,4.818933435391679,2.8499602385225637,3,13271.060986884258,239428.1458407265
71713.41472993059,5.663960661138029,6.938262025246553,5,34042.12865277332,276589.3839306843
72254.52642192817,5.380999359558133,7.327847224483486,5,37158.727446909594,297097.57980497845
64545.81681679216,6.418903634278079,5.11146606652192,3,32270.34478864889,243785.63262761224
69145.81564418398,4.129027258860313,6.185321543933373,1,26759.318247910298,223404.76194098592
74617.0265333809,6.026211596352166,8.93123615062543,4,35914.42151751855,282602.26560243906
44347.474110150615,4.4809066448321655,5.241379943607095,5,36802.20360476691,223393.13153441894
49777.21866841431,6.477620961775006,4.411638619415099,5,33074.03569719689,242185.6899391774
81148.96141034072,6.230734968026107,8.222495103693898,1,21753.877495652392,272792.03722781164
72562.98157191912,3.1291225959108093,8.943880785796193,2,32766.007655111807,257005.95108506273
67240.24995470981,7.1719642323500645,6.005543507771771,1,41954.80650825479,280241.81450281653
70276.5089959809,3.928073109771904,7.517194553112534,1,24033.709413882698,231446.4777408863
75213.72558042506,6.61611559656229,8.012213873296322,5,50979.39339132431,321027.13379933324
61903.60479535958,5.734574626802681,4.886273651192424,4,24743.690660146156,249752.19278864312
58325.42911896531,8.676367353590244,5.272041246948198,1,30324.07013340136,261223.9029869141
72937.67882646523,4.553068035256295,7.846311769732102,2,23275.14403993664,241830.1843303577
55324.40833577452,4.301366407763605,8.527521418062765,3,32232.70835920261,257992.7036744577
76123.79133571708,4.961160788224535,6.844321290261532,1,12577.78307364725,213752.00214893086
44461.245936432395,4.3936404343314495,4.680278469746918,1,24539.582011832787,174852.95848004357
85437.33455988465,6.5998838038841,8.980591667549161,2,19078.78799651433,272253.1709607568
77088.96223619564,1.7673787831268242,5.203543653282053,4,31353.383478922908,233353.00259282297
73840.44601470814,2.892635161707292,5.497293328242822,1,39944.47375508907,254378.75108690336
84740.3647591827,2.864394156841614,6.5135067517344325,1,36460.06187114552,271638.9008893317
94982.11666693864,6.900615183947151,8.331240631072161,4,6283.4063914110775,303422.29595301213
85215.55097527195,8.42122674516385,7.280963964828335,2,50420.69652927881,332787.4822552381
42386.886530025324,4.791101562925057,6.622298250542865,1,32952.79940620868,219595.79138066442
50806.34549896448,4.662356553619979,6.694932795177159,4,22235.008595069998,207206.45922495
60627.72133456482,5.140104326226362,6.065272002965199,1,31571.279189909408,232947.39216986793
70391.3657531625,7.323756605216381,6.837209271777759,3,31761.898225026926,279336.73620831146
77764.88530703685,3.145293731618852,2.2056598834585452,5,23331.512830484364,211703.8936469255
59113.84280269802,5.47673796546957,5.5550888113953025,3,31979.166673420754,261017.1696085953
72801.50146715618,6.95039525956486,6.361982902375171,1,23925.27712379693,269789.64682599163
58669.256014700164,6.002188339879691,4.273478874570739,2,25956.380073099772,227537.88172547412
60827.23295512078,5.379163233197486,6.57948497671734,5,23137.208642449157,252714.48145801105
48900.08354727666,7.002092185134282,5.6932931685208175,3,15673.287102603472,197058.79756708007
56151.50130833643,-0.40646458599847435,8.633213547473236,4,31458.364702153838,184938.3519308845
49724.730915755,6.3557506390618155,8.359529587822284,2,35852.99436516338,235868.56211174195
55361.90120534001,3.6918486337451526,5.301291646322756,3,35148.835960763725,218771.3228973699
85804.62694911759,1.3387342062870862,5.773743432649957,4,38199.25252635234,260978.48996954926
55759.01666752085,6.022405199049961,5.889078651587411,1,33243.40210014868,243823.36022933864
109485.73097256086,7.747317090325915,5.322510785760566,4,24672.745017830966,331153.230437164
77399.76851321333,4.725102970744616,6.29253747604219,3,38396.63864431189,266496.0788354401
72772.54185542311,6.905749094405878,4.862576896668615,3,16424.82460158065,252410.38483983805
57124.6332972818,8.22455651597729,4.304076997593711,1,20993.286174875197,236835.74762580454
80504.64819113487,7.629828907168095,6.934066835850403,4,20357.999285767553,291772.1369238304
61365.43260643339,8.279929058742786,6.944294376332716,4,40800.56059139311,284242.41078562714
71830.14721968042,6.484254982143785,4.793526360510011,1,39427.88514140075,281526.0813242879
108401.26807403192,5.150867277803186,7.343033146143899,4,34873.05237044995,320694.19296152383
68559.10150413025,1.796068376205663,5.052633406252003,1,40719.29865211797,226527.86782823433
87239.09989428514,4.507875023740103,6.379747857056972,2,21207.17217588012,261594.1327022377
59452.35362311169,3.3135068093676168,7.230516018918684,3,33485.95119860981,235349.01708271587
69475.17264254557,9.341885434995628,5.949581152944431,2,28748.255716168358,282360.6307130403
96562.00953453264,4.648228375135327,6.682111368211702,5,38468.82103884914,316736.2285337532
60595.494133183485,5.2464096135689715,5.225355534168642,5,28847.757674478024,226864.27720282777
97186.72836995393,6.102970752080935,5.705300124857854,5,26150.571115899187,314140.11689081084
80616.27903183213,5.087204892744907,5.69121085367949,1,35409.0851856099,272017.851919852
61562.99836158598,8.390102080861507,4.8801324801896415,4,38761.691671912326,301355.06353832013
79486.11608583282,3.754701276531096,5.734838755326327,2,23316.548051531983,232818.15990279536
84588.31674440095,5.389214910474485,3.67707255170438,2,29389.243286476238,258702.7136687548
79327.14943325795,3.5150588286039035,5.263269379286843,2,19415.593663583473,217646.97879314865
46446.629201643154,2.3599549775585884,5.572686759945494,2,5019.389825070604,145933.44634485006
59092.94236262697,3.7764618181894294,5.61573037125693,5,32004.59631413729,226397.56463710923
66287.22046672743,4.9259264059031755,5.637753831193832,2,36089.053562546316,261502.9253643365
68883.4985634993,4.1413955509654805,5.907353700209806,4,32620.668090867257,247692.7840609944
79310.08146326017,3.615158040252288,6.7191622771290955,5,10504.38282245633,204961.64662905506
72665.51501399881,2.1873650726563323,7.311775611198784,2,26491.505699235255,220710.67202416132
49969.834619348476,4.83378885474261,5.0253521597276,1,7816.522399489186,155261.36393043672
75702.96776508944,1.9905592519379955,4.195198716916283,3,43697.01107654185,251169.08714150262
79158.78617925735,6.520111927379205,4.436933381635345,3,19139.45417881914,241498.7964517482
78396.8567189656,5.164879505869006,5.269195618207609,3,42554.03609459897,298957.8814245206
86211.71088331932,2.084897001070139,5.472118023275236,5,39458.696436841456,270533.7607222092
82508.83231823356,4.381581845900273,4.845005900703814,2,20994.096474639384,238016.32944156352
76887.70118842655,3.4956871888188337,4.055825003625158,5,18672.15048732255,229470.7710414749
68947.51432812029,5.638349020838361,5.315818758788717,4,33503.70216386338,275030.329162993
45085.58599726013,7.680900892046289,6.272139930170957,1,21556.75962816929,221710.61930584995
76444.27328698878,1.2496550607085108,6.892544198753347,1,31024.846421582075,218963.37137900625
73115.31530744667,5.230052158294835,5.163865420337518,3,25171.724091930817,229396.57366854628
74073.6825579306,4.679734408866719,5.380503266784849,3,12188.415855343665,211326.7183998229
50848.77136269536,6.342680152900932,4.609952536729034,3,7695.319808755408,180968.23840772876
53784.151893876064,5.426393256475379,5.952841244437836,2,32266.84248494597,236308.62612757197
85797.29279999355,3.496061336522362,4.727357048713778,4,24384.422536693746,244610.71407079007
69406.67269215017,4.361892128666764,6.8596917198618,4,24469.10183085868,249844.92230643352
80222.51046058937,3.407948286393022,3.3212002620988335,4,36958.63839093786,250806.69393447725
70424.77564195692,7.152014277197196,5.460555491321307,4,41734.422766324446,299358.5175556333
70446.34209243617,5.0426232973438845,6.451661008787613,3,27274.552786381908,263743.0311607639
84074.25708963997,8.802381371506016,6.275751774483757,1,26594.012930901386,305120.2362232913
62259.32907673939,4.878678372370758,10.039550495970744,3,35001.430331138836,270776.0150640624
71441.81165411475,3.5831864661790744,6.524700036851861,4,16430.644303004246,214459.92651387886
63065.87066942436,1.9725712147743457,4.493918104736984,3,32231.53054747697,203924.8558033691
63482.55658851527,1.3937206474881099,5.85680362936639,4,35518.85971822154,212976.64641140957
65362.41814797041,1.8317281139890205,3.335630499800322,5,36802.30208417629,216233.59637137104
73332.00657450569,5.534253302022967,5.879100376054859,1,10632.47297497535,226557.64909965632
62818.77067504784,6.017450046459867,4.750415914498862,5,22386.447301910594,235708.74794056325
88836.34188360281,1.8376185959357332,7.373085413340243,2,21217.367471765334,223433.13010118113
56580.89046670744,6.790076628152231,5.175689588106698,3,30998.86954409213,267329.98194089904
67196.92533757961,4.033877896633121,5.82485112630713,2,34807.44579767984,249072.96611104757
63404.034125887374,5.293586023971098,5.046663237893394,3,44967.104074459814,258140.00176179697
91704.668265306,8.224441256510849,8.608277027779998,5,25050.34519631927,323525.00122219784
72948.32164767361,6.793678631731064,5.518135850823133,4,25024.27501690786,268107.36190503667
85477.66809202952,4.4629387041883355,8.748835565218803,4,41496.72018878747,328629.4283165704
47716.59440444542,3.217615549169425,7.2212276431774,3,32965.76938530305,203707.5995022668
74005.75398803888,0.6963691973413901,6.723100091003079,4,42676.51511187974,258701.26082780655
83344.46193435155,3.56169336151516,6.553099720976279,5,32887.280030098365,288168.5494514805
71234.25983913137,4.577739522344611,6.590695947324377,4,18428.83381286729,228153.38929375392
85982.20562598026,3.0256409456976323,3.108491130981585,5,16668.716452221932,220334.47026669615
62240.673248494415,4.737486065815391,5.5816749087738655,2,14484.87750941071,193250.9076198486
91140.2116027837,5.153703765917537,7.267736956776482,5,36620.51834758473,310792.46513159975
104483.47185428876,4.550288036383843,5.926654224788842,1,41885.96823087008,318267.3959875266
64557.42159340512,3.6999948383530805,3.8922152297946373,1,48493.62141386381,259880.899731163
63317.462178988426,5.337309343933455,5.9213933241337955,1,38431.0533232324,268720.1946851554
91800.7671567655,5.883881299138818,8.556158274383236,3,41628.38577534986,324096.56600293587
93693.58218596068,2.819201845114308,7.870337573302079,3,24199.836673463153,245810.50230126083
62157.09959270098,7.82186475949254,5.906993985950953,3,18435.841832561433,246648.50278609205
63697.19774356214,4.802823735431477,7.4271739155871295,5,38500.79332417553,275646.86549563106
65773.2308670924,5.037699245889695,5.450239469447922,3,34176.80752239401,256135.8280284136
49833.24233448584,6.4164288465131145,3.4441926197599217,2,31074.443743408927,221017.2700773869
56220.22080273703,5.466432262527003,4.613301017805668,1,33873.714806329896,234056.10952770303
54937.88849871898,6.90627326782649,8.344333152762296,5,33231.85482458206,289809.38892284146
58483.03652343807,5.574248330403648,5.589010377256043,1,42838.168598535616,263905.76886217017
69479.72668919829,3.775125250719124,5.634924030937473,3,42949.85584816956,261311.4901419843
73513.2209880478,5.723007050412203,5.550242705587679,5,35442.20352340347,276133.5443899791
93257.50739221115,2.7125475853586765,8.85620488435951,4,38458.02872562928,298510.2952381823
55024.68938891814,5.217119411553046,8.438938373043095,2,35140.62552424776,269551.570730925
84764.83597714876,4.933540018711079,9.3281703501722,3,25388.30267965381,281067.10416774056
66790.16733661736,4.583766285454921,5.761432184399923,3,37565.6467491314,258763.42483453057
69258.04435521351,4.742924977122138,6.443436733120643,2,16055.049311407383,216820.4628830966
80122.29238249906,1.2363019090047218,3.725036175868813,2,40538.915522958836,249239.30316347716
53159.16967656552,3.902550184518077,8.215401639177411,4,18054.77060233965,227549.17830804217
75736.14619276076,5.185689802282229,4.248330673098097,3,32858.03286794733,265924.96690766246
72496.78312319584,5.319712783994801,6.325163345643944,3,21548.46041573841,246492.76912229255
77386.76896012224,2.9446497181480837,4.354046208550734,1,35533.889830744265,241732.48965764875
74337.52965861728,7.531415681729401,5.116699759891956,5,29660.74774072091,262882.3776982641
106829.50209866342,3.2676503035709983,4.744106353425449,5,14052.440418366676,267197.6774304139
60433.900236230256,6.938914401053474,5.088187108986273,1,34206.99631018479,258236.5866901395
62035.04567497274,5.854388723743369,5.191315945276532,5,24220.792231672895,245278.0404462285
60652.89210362853,3.7075453803123937,5.177596807612384,2,38811.46720813369,230451.088472059
61667.843212596184,8.550621785219024,7.250000867670461,5,30013.256887344072,285439.931994354
60439.19309040223,2.61272633648704,4.34270581040622,5,33954.209853880384,217297.7523952339
87835.24796661327,6.8383083472200035,6.3308121405208,1,20424.31044984788,285854.8668651501
91307.56371984782,7.0011646360859565,7.826938728458337,4,24106.677685726383,302533.4425883448
61438.805593757854,3.6587595818467102,5.230205453229906,5,25413.613638989154,241550.66197432968
57514.66640343657,7.784930600128657,4.9231216638785975,5,38567.024802425556,285179.5877208359
77071.23334579606,4.499906970802094,5.654213062229624,4,46773.77087805489,281667.70019401563
61716.65433578543,5.577387258559714,7.769587812541065,1,21948.282482571238,232807.89518460352
79493.97726633266,5.5206436775424415,6.291161446430037,4,40768.4814465768,292923.42157866305
73043.8453127695,4.731382517058904,5.203178558088602,1,8303.225822742977,180558.11287747198
47263.83827504152,6.621616546319564,6.725814976782059,2,18058.105989077107,228851.9191389603
93212.57801995092,6.586977441104426,4.346561775245365,1,20412.215438132254,278277.30661566206
96938.16509643283,1.5029360535236385,7.0220392656644215,2,16474.91310559278,239828.70389838645
60808.16964273421,7.608680485756305,6.612910961552651,2,14164.1161021242,236345.88293667306
64184.47660096024,1.6750160239286513,5.538287293291674,1,34129.98912137798,198158.1141630168
74287.98086087358,7.065092408683315,4.742121302329154,3,27859.323022721386,265675.97653967765
75016.85184980537,7.253410273655167,4.669978616574814,1,33794.053976051095,287415.1892940761
79878.16409009245,2.8180671395696035,6.802226004518865,5,36904.72686121513,260306.30097803427
100153.06808149524,4.17837142409083,7.843470753733593,5,32656.169931725333,286225.31683276163
67345.79158758926,2.7885906630281285,5.044038379456808,3,36577.63176150374,234008.98935414746
58025.541331923196,4.570157939422529,6.687580055327226,2,29304.677137577306,229369.57040362543
49310.21157978209,4.383931431628517,2.8694594720968967,3,18130.06611694255,178767.695444475
59036.04940087121,6.55932106453868,5.1230734040142005,5,40578.14180820796,283204.12181832595
69503.09540689304,7.620617492239217,5.953411600693647,3,24108.87867218873,273821.6915028895
96918.36795276681,7.791367621579912,4.635474874527249,1,20644.03701237574,293344.37459477625
62235.830514457426,3.875663946843396,4.595240437815606,3,28220.82124195602,232483.54379397727
73356.81927458348,4.581556252510945,4.99833066529667,2,20871.89080703487,213396.52856940462
69753.65655890873,1.6331236155580995,6.43828909248956,1,25825.69618010568,212850.37696137713
87825.89910172127,3.3882598670076227,5.719006472390438,4,33440.539215634664,279362.94174924906
107903.98638810433,6.929703266194915,2.642653150012542,5,33483.41739246127,313937.4899182885
62036.96840619519,8.231165647096464,2.818949771047401,5,21021.699335743706,231476.55052015794
62658.40836222667,2.531302256240156,5.089702233214237,3,25122.946270512555,196535.61754808185
85662.41315603608,3.8150714816942113,6.686529879080328,1,40743.33004770244,277948.22961664986
80228.37234439467,4.947188486082146,1.878742735912148,4,34964.00117733941,268670.3540466773
97700.6098860405,5.560322317639214,5.250404735772554,1,50750.65039348541,326762.0746343756
78758.92277988946,3.3807929601567075,5.210628215223869,5,41801.28173741528,268038.5331395391
64610.61863819411,5.8481220889281795,8.082506667312671,1,41442.93068559939,275579.20618738956
78859.82246038463,4.052321305858168,5.422467282430705,4,16121.31449544198,241354.23549373826
86630.55370874362,4.9710954582434415,6.574483477111393,3,37638.603516334224,296936.8433075448
82307.23271796046,6.092568496007399,6.211885710131195,2,29468.931983030892,278591.31630016334
77609.11046660946,5.0128445396218755,2.804150280289199,1,24490.181964617506,231443.17143980347
86000.1203438373,4.127228218946863,7.152310824947606,2,31680.153405325284,288314.9269838784
87539.4338566851,4.780780392148339,6.323094758184432,5,39452.115346114835,297144.9419236305
90732.38486556291,4.82327408158933,6.762402959511885,3,35008.31591004212,310315.0476412824
79730.64831384463,4.2599779402357445,11.889356559654491,3,21215.2619865794,275178.02163377067
67493.22879524718,4.482407874665795,2.8738305907521173,1,37424.5891359262,236678.05934538823
72200.70529649984,8.197294341009433,8.587044974641662,3,23624.12457924036,314466.48036587593
88097.63449762535,6.121838895882478,5.568828720899466,1,32166.831189642864,277986.25179105985
57745.964935191456,4.409039363941679,6.430993356604514,1,26966.49932522866,216260.4488800138
75530.09963309352,6.393908809021472,5.931731632048137,2,27811.337482643743,256191.25827374318
64099.91781508959,4.33236102048798,5.363645499902935,3,37662.42975040509,260141.19363320075
70431.17234402226,7.346249275173283,5.145250607641862,1,19598.06280184102,263923.5192461744
89176.77793910948,5.739284384396187,6.494263103359514,2,49451.95074276933,345232.4555690087
72866.48602029854,4.7853957119915425,3.7242394549924813,4,11789.139307055037,223592.64957089577
70696.54822234223,5.895433851620555,7.125868751282648,2,24023.323167451428,252698.94626307534
49602.15788530121,1.8582476958630014,5.375708392672119,2,33702.11889941741,189616.08377387878
81193.80349040832,2.7464650621803894,4.304895991439463,1,35843.1416643531,228754.42141837924
79682.26271711613,2.612149987201889,5.32498071300628,5,28995.24279428295,265619.0184531083
102448.8208495819,5.285886189527414,7.8857238252938595,5,29426.092969984576,324502.6790175701
65383.32647570499,8.465029998970184,5.196997369475666,5,34105.500853276164,287001.70920849516
73287.25491495908,9.462600292385265,6.53768042731443,2,27689.305225423195,311904.4667735795
73740.75525566132,6.276102202881514,4.90356558642679,1,43931.81257934906,279025.9628355392
93661.79919645212,6.001688949888914,7.1368827748854295,3,38393.49114231602,326047.2047948532
68570.56701419572,1.397884531694522,7.028261608185306,2,38728.243510056345,233706.19955636968
74185.32288655509,3.9146524005319563,8.772913249944617,2,20338.43276629583,247352.71151626992
79118.44764574809,3.424432496183522,5.736654081751177,1,29206.11575594297,242381.762959238
72799.13684734538,3.7583048034977677,7.00298220713686,4,26995.34051279296,233278.06645615367
63303.49578174208,4.663712362830421,6.147101309308417,2,19943.98624310534,218971.61006037047
72911.34989347462,4.055818844605746,7.943807672794522,4,33601.64183945767,279336.17674791097
86104.47624789659,1.0414003792484245,4.921751418586904,4,24623.542422201834,225134.39604312746
54602.270508834095,6.495820512235068,7.117507969315922,5,36554.03829850237,278308.37854507705
71994.54511220314,2.854513948520387,5.7079540558249775,1,19298.084371056684,196217.6013180063
59498.1877759124,5.478493728222299,5.9037177343372536,4,47190.40612841821,279669.0119419158
87925.69943387264,9.148165339499947,6.137628726672559,1,21036.67341407938,292886.58845644415
47152.19642824338,3.1612308168271532,6.378360594640016,5,32193.02337200436,221088.2609288925
61616.17229092617,-0.06057504549265946,5.825656435317063,1,37918.593103880674,200098.8919884293
75658.17812596781,4.427991556239778,6.322069774755789,2,24293.595697998873,250865.45978449233
93482.86043851511,7.201919269997142,8.367177086343277,4,38524.6864343295,354005.8459196981
69013.74608390518,8.916694908441187,7.478174528422827,1,17708.164021995835,275410.9546475893
61672.00709960202,2.5409008110951663,7.303731888745345,3,44521.1769918256,255209.21653066907
98217.35604160884,5.993398446473043,5.316690710964194,1,30141.492649657583,287144.3347961658
48279.79149375634,4.069379086439893,4.666138757657514,4,24035.885920311204,196488.08262727442
37017.910650698774,4.788103291391729,7.432950837356629,5,27008.182275725656,204258.11360804157
76600.21675079998,10.28868669403407,7.314070188794691,5,38089.192693927194,342095.28883132624
62469.18663471083,1.9940593432096936,8.209006013626473,4,24155.44708149562,211254.95610778427
54681.5077430393,5.5074793229891466,5.094029061046156,2,22506.423105772225,203780.79061340322
80625.3467094903,5.935386343530866,5.655677016959479,2,27784.634024162617,250566.15074132683
73657.01070656798,7.171572649878694,3.540773756211849,5,18230.37887230032,244684.43860102116
61538.820538949076,5.1959663069417905,5.41129334090869,5,48205.43907941815,284669.03326046286
50795.43401993658,5.616101079008205,7.494855765869171,4,24336.054087852768,217018.7783707634
83086.85992420217,4.216702865156417,5.300256931157703,2,38316.16786180403,276087.76128198026
79753.01766937991,5.538253882490214,6.960719692801236,5,32094.700836477725,308007.7497090433
68512.36204330926,4.313615449005179,5.7142453410032825,2,20154.65949518032,231015.80880291513
97699.554940715,6.243143779712102,6.486085542332341,5,29940.452907872706,332727.51882680587
53948.72850510771,4.260779327912732,4.278462915276499,1,37840.02779310748,227514.53496871362
47117.12243612892,5.754200787804373,6.127814174450852,3,28117.386649136934,235766.6339326297
59621.378951781335,4.941474372630044,1.5132960436489151,1,41931.12945851028,226035.9039845597
69316.20975466754,7.252100501544336,5.719655762757022,5,40215.15392781864,294080.5036466472
73650.09173984038,4.897212552823028,3.5542901344272897,3,39189.148546583296,237205.6088419191
66381.45913215505,1.4539350635862371,7.808991774820224,3,25403.432277270033,224824.81750315914
75280.83094771445,7.523843001427983,7.166111029146767,5,19201.57552218513,292796.6224241545
51226.90863714334,3.1885353982747624,6.700006472949122,5,23864.123946372056,199422.22474247968
91656.46906109889,3.6924673227023606,8.28150934073907,2,31962.409406667204,283202.22527172934
68767.73232411146,3.808677411913016,4.576625218762744,5,35457.867135323555,242498.61183284858
86759.43747382192,7.748876186341635,8.621044796873338,4,8284.285952395523,283128.2494780819
75140.88019566557,0.728651572042609,7.398287346390577,5,29918.867983882497,243076.33416667473
76851.29828730675,11.275497067319987,5.645167069171581,4,31580.892253231843,313991.8182176711
78546.50920348306,7.112113618132104,7.7034302207744165,5,27224.557436844483,301001.5512705292
76715.62840025972,5.4464778282583195,4.340559731382548,2,42912.73839015879,280299.7786030117
79640.84139801316,4.890211998767427,4.7632287577084895,4,34217.80074250871,273749.07127792074
89937.28795198648,5.571108149715314,5.087115415140449,1,43101.91908080897,309846.36867919593
72947.81754552205,6.042244856758677,5.206533437903977,4,27840.394796497676,261675.60728065684
80635.05636382768,6.290431171900114,4.415163535859621,2,39374.77492506925,289646.39526012144
68653.9645856916,6.111208932006897,7.834624600642988,4,46350.6639452752,305828.7354168253
91601.75823174209,5.179161362510498,5.611718399445253,5,43116.93449272661,328189.8739732804
59854.115469110955,4.605323159385348,6.528757452535319,5,19078.58406571267,225822.9597928968
97014.10649366223,4.697453432692977,5.1444729503794795,2,27463.23922457619,281350.3726458465
69397.63074033485,4.610183439294638,3.269095049177224,3,26548.352945502036,215930.94442941603
48538.37346822928,7.2675401937341295,6.405086037587133,5,34892.54535076328,258507.6855970159
71921.56622366184,6.1871134445617235,3.1316175368703347,1,36863.53555014533,271125.3341691441
59784.22513787678,-0.8807772693285605,5.897048930871797,2,21611.07325974264,159952.92191861308
82609.65323483085,6.311801553059522,3.9475274417507844,4,30678.385139169375,286722.21756582556
60210.640310464136,5.389472389437549,8.980913998846212,4,9800.726678438637,238381.82571445638
63307.248501778304,4.962582487108206,7.3670440832620825,1,44419.4500580189,283646.8788481859
41656.88903581703,4.222963093822228,6.1586306869072205,5,24876.257593233066,201192.2164899475
63215.405211263846,7.2482254399720265,7.895560016482003,2,30558.639398444968,268790.5493939587
33641.81010056565,6.895052924245716,4.730526033801397,1,26903.502860119388,174337.3843219924
46241.45764771415,3.4542446643527818,6.815219068005139,5,41460.27575013415,234217.43073066452
81406.21984216446,5.81410457424907,6.2997156505780705,2,1624.9355860262112,217738.69997251168
81787.00237976249,3.0566865309174283,6.396030122000505,4,29833.89657674091,260798.9745862561
76381.86342677448,2.240763670422139,7.908530250160152,2,28941.81242502302,238867.65567548302
55495.3578530618,3.74656555082007,7.098738154169704,3,25463.636124083172,212925.80471244032
69284.3296578703,6.724786944765517,6.433085494237535,2,47262.26545635633,286070.3330132887
69945.96191364147,6.906250090752174,3.517668845657556,3,21126.705411442286,233423.52053765563
52624.52966211186,6.026170840194586,4.559930557080804,2,37717.96177235661,248200.58963323646
92550.97452650726,6.450191573695994,5.815936599606414,3,33562.52788706084,325692.1926102015
83160.43435863507,6.032356574229917,6.1400585614149765,4,42615.19252535516,312019.64130058076
66685.53739255504,3.7170368095540955,4.3046944129891145,5,23328.109152224948,223656.47528951024
70403.28758491795,5.8638450893478815,9.617515013367631,3,22670.31100876241,276196.3609247468
73125.74211921329,6.600819050455365,8.27459108288036,3,40960.699074773984,299882.2178853209
39373.97697363564,6.508582659627148,6.903177480588726,4,34253.2130833011,242837.2460591252
66292.33926219105,7.377826742949286,6.108055291925617,3,14550.626533232413,234453.40478555072
59770.23628003302,6.416607694402128,5.681686545148272,1,24606.949855367297,243092.00818545689
54975.69985157627,5.702896415083166,4.572122309966646,4,33863.82653848061,243594.80903450787
65783.49560671068,7.140300476632855,6.1162207777782935,1,38377.642215465894,283399.1546360322
96965.29790274284,4.9469574815018795,6.386628810214126,4,23207.69346807045,277440.0666821587
79612.64291900514,3.2362506975445644,4.1373591367775635,3,857.4401018305871,190253.47083761022
61432.31515325805,4.673866072112472,6.501264625867346,1,35232.23185737033,265705.0495073993
78588.74172034238,3.510194710387102,5.7671114267628765,3,17796.793100560244,216335.0860650374
